ID_Venda;DataHora;Tipo_Produto;Descricao_Artigo;Categoria;Preco_Unitario;Quantidade;Receita_Calculada;Canal_Venda;Country;Cidade
1122;09/02/2025 21:28;Merchandising;Bola Street;Equipamento;12;1;12;Loja FĒsica;Portugal;Coimbra
1129;31/01/2025 17:08;Merchandising;Garrafa;Equipamento;12;1;12;Bilheteira;Portugal;Coimbra
1213;21/01/2025 16:26;Merchandising;Garrafa;Equipamento;12;1;12;Bilheteira;Portugal;Porto
1371;26/01/2025 19:28;Merchandising;Bola Pro;Equipamento;12;1;12;Online;Portugal;Coimbra
1390;19/02/2025 16:46;Merchandising;Bola Pro;Equipamento;12;1;12;Online;Portugal;Braga
1396;20/02/2025 18:35;Merchandising;Bola Street;Equipamento;12;1;12;Online;Portugal;Desconhecido
1447;27/03/2025 10:58;Merchandising;Bola Street;Equipamento;12;1;12;Loja FĒsica;Portugal;Braga
1449;15/04/2025 11:55;Merchandising;Garrafa;Equipamento;12;1;12;Bilheteira;Portugal;Coimbra
1450;19/04/2025 21:56;Merchandising;Garrafa;Equipamento;12;1;12;Online;Portugal;Porto
1504;19/04/2025 17:40;Merchandising;Bola Pro;Equipamento;12;1;12;Loja FĒsica;Portugal;Aveiro
1651;14/01/2025 15:11;Merchandising;Mochila;Equipamento;12;1;12;Loja FĒsica;Portugal;Coimbra
1713;02/01/2025 15:06;Merchandising;Bola Pro;Equipamento;12;1;12;Online;Portugal;Braga
1756;19/02/2025 20:21;Merchandising;Garrafa;Equipamento;12;1;12;Online;Portugal;Coimbra
1805;11/02/2025 16:07;Merchandising;Mochila;Equipamento;12;1;12;Bilheteira;Portugal;Braga
1815;25/02/2025 10:24;Merchandising;Mochila;Equipamento;12;1;12;Bilheteira;Portugal;Braga
1848;24/03/2025 19:11;Merchandising;Garrafa;Equipamento;12;1;12;Bilheteira;Portugal;Porto
1883;05/04/2025 19:29;Merchandising;Bola Pro;Equipamento;12;1;12;Online;Portugal;Braga
1937;11/03/2025 11:18;Merchandising;Bola Pro;Equipamento;12;1;12;Online;Portugal;Coimbra
1945;30/04/2025 16:17;Merchandising;Bola Street;Equipamento;12;1;12;Bilheteira;Portugal;Braga
1001;12/01/2025 12:14;Bilhete;Bilhete Jogo Feminino;Bilhetes;15;1;15;Loja FĒsica;Portugal;Lisboa
1021;21/04/2025 14:04;Bilhete;Bilhete Jogo Tańa;Bilhetes;15;1;15;Online;Portugal;Coimbra
1211;24/03/2025 21:36;Bilhete;Bilhete Jogo Liga;Bilhetes;15;1;15;Loja FĒsica;Portugal;Porto
1302;09/04/2025 12:42;Bilhete;Bilhete Derby;Bilhetes;15;1;15;Bilheteira;Portugal;Porto
1442;30/03/2025 10:26;Bilhete;Bilhete Jogo Liga;Bilhetes;15;1;15;Bilheteira;Portugal;Lisboa
1461;21/02/2025 15:02;Bilhete;Bilhete Jogo Feminino;Bilhetes;15;1;15;Loja FĒsica;Portugal;Lisboa
1488;27/01/2025 19:40;Bilhete;Bilhete Jogo Tańa;Bilhetes;15;1;15;Desconhecido;Portugal;Braga
1490;23/01/2025 21:16;Bilhete;Bilhete Jogo Liga;Bilhetes;15;1;15;Online;Portugal;Aveiro
1564;03/02/2025 18:09;Bilhete;Bilhete Jogo Feminino;Bilhetes;15;1;15;Loja FĒsica;Portugal;Braga
1676;19/02/2025 09:05;Bilhete;Bilhete Jogo Feminino;Bilhetes;15;1;15;Bilheteira;Portugal;Porto
1752;02/03/2025 20:49;Bilhete;Bilhete Jogo Feminino;Bilhetes;15;1;15;Online;Portugal;Braga
1836;21/04/2025 10:20;Bilhete;Bilhete Jogo Feminino;Bilhetes;15;1;15;Bilheteira;Portugal;Lisboa
1928;23/02/2025 16:36;Bilhete;Bilhete Derby;Bilhetes;15;1;15;Loja FĒsica;Portugal;Braga
1191;12/04/2025 12:56;Bilhete;Bilhete Derby;Bilhetes;18;1;18;Bilheteira;Portugal;Coimbra
1055;01/02/2025 16:39;Merchandising;Calń§es;Roupa;18;1;18;Bilheteira;Portugal;Braga
1085;12/03/2025 13:44;Merchandising;Camisola Treino;Roupa;18;1;18;Loja FĒsica;Portugal;Braga
1223;05/01/2025 11:45;Merchandising;Bonķ;Roupa;18;1;18;Bilheteira;Portugal;Aveiro
1258;13/01/2025 18:02;Bilhete;Bilhete Jogo Tańa;Bilhetes;18;1;18;Loja FĒsica;Portugal;Lisboa
1278;28/04/2025 10:33;Bilhete;Bilhete Jogo Feminino;Bilhetes;18;1;18;Online;Portugal;Porto
1280;12/01/2025 15:24;Merchandising;Camisola Treino;Roupa;18;1;18;Loja FĒsica;Portugal;Braga
1281;05/03/2025 22:27;Bilhete;Bilhete Jogo Liga;Bilhetes;18;1;18;Bilheteira;Portugal;Aveiro
1344;17/03/2025 10:00;Merchandising;Bonķ;Roupa;18;1;18;Online;Portugal;Lisboa
1349;21/01/2025 16:22;Bilhete;Bilhete Jogo Liga;Bilhetes;18;1;18;Loja FĒsica;Portugal;Coimbra
1392;07/02/2025 09:20;Merchandising;Bonķ;Roupa;18;1;18;Online;Portugal;Lisboa
1448;26/04/2025 13:41;Merchandising;Camisola Oficial;Roupa;18;1;18;Bilheteira;Portugal;Coimbra
1535;21/01/2025 10:17;Bilhete;Bilhete Derby;Bilhetes;18;1;18;Bilheteira;Portugal;Braga
1715;20/04/2025 18:08;Merchandising;Camisola Oficial;Roupa;18;1;18;Loja FĒsica;Portugal;Aveiro
1736;23/04/2025 16:05;Bilhete;Bilhete Jogo Feminino;Bilhetes;18;1;18;Online;Portugal;Porto
1743;04/03/2025 17:07;Bilhete;Bilhete Jogo Tańa;Bilhetes;18;1;18;Online;Portugal;Braga
1748;20/04/2025 16:29;Bilhete;Bilhete Derby;Bilhetes;18;1;18;Online;Portugal;Coimbra
1795;29/01/2025 11:54;Merchandising;Camisola Treino;Roupa;18;1;18;Online;Portugal;Porto
1822;10/03/2025 14:02;Bilhete;Bilhete Derby;Bilhetes;18;1;18;Loja FĒsica;Portugal;Braga
1866;30/01/2025 11:02;Bilhete;Bilhete Jogo Tańa;Bilhetes;18;1;18;Bilheteira;Portugal;Porto
1900;15/02/2025 13:22;Merchandising;Calń§es;Roupa;18;1;18;Desconhecido;Portugal;Porto
1934;26/03/2025 17:11;Merchandising;Bonķ;Roupa;18;1;18;Bilheteira;Portugal;Porto
1942;04/02/2025 17:37;Bilhete;Bilhete Jogo Feminino;Bilhetes;18;1;18;Online;Portugal;Porto
1993;16/01/2025 10:23;Bilhete;Bilhete Derby;Bilhetes;18;1;18;Loja FĒsica;Portugal;Porto
1005;06/01/2025 19:14;Merchandising;Mochila;Equipamento;22;1;22;Online;Portugal;Porto
1024;01/02/2025 12:12;Bilhete;Bilhete Jogo Feminino;Bilhetes;22;1;22;Bilheteira;Portugal;Porto
1054;15/04/2025 21:15;Bilhete;Bilhete Derby;Bilhetes;22;1;22;Bilheteira;Portugal;Porto
1071;16/03/2025 09:59;Bilhete;Bilhete Jogo Tańa;Bilhetes;22;1;22;Loja FĒsica;Portugal;Braga
1076;05/02/2025 16:15;Merchandising;Mochila;Equipamento;22;1;22;Loja FĒsica;Portugal;Aveiro
1110;22/04/2025 22:28;Bilhete;Bilhete Jogo Tańa;Bilhetes;22;1;22;Loja FĒsica;Portugal;Braga
1172;16/02/2025 13:11;Bilhete;Bilhete Jogo Feminino;Bilhetes;22;1;22;Bilheteira;Portugal;Braga
1226;18/03/2025 16:16;Bilhete;Bilhete Jogo Feminino;Bilhetes;22;1;22;Loja FĒsica;Portugal;Aveiro
1251;20/02/2025 13:52;Bilhete;Bilhete Jogo Feminino;Bilhetes;22;1;22;Loja FĒsica;Portugal;Porto
1290;24/01/2025 15:28;Merchandising;Bola Pro;Equipamento;22;1;22;Loja FĒsica;Portugal;Aveiro
1314;31/01/2025 13:07;Bilhete;Bilhete Jogo Tańa;Bilhetes;22;1;22;Bilheteira;Portugal;Porto
1361;06/01/2025 12:57;Bilhete;Bilhete Jogo Tańa;Bilhetes;22;1;22;Bilheteira;Portugal;Coimbra
1414;09/02/2025 20:32;Merchandising;Bola Pro;Equipamento;22;1;22;Online;Portugal;Aveiro
1479;24/01/2025 11:47;Merchandising;Garrafa;Equipamento;22;1;22;Online;Portugal;Braga
1481;20/01/2025 14:38;Merchandising;Garrafa;Equipamento;22;1;22;Loja FĒsica;Portugal;Desconhecido
1542;12/03/2025 11:30;Bilhete;Bilhete Jogo Feminino;Bilhetes;22;1;22;Bilheteira;Portugal;Porto
1620;18/02/2025 18:57;Merchandising;Garrafa;Equipamento;22;1;22;Loja FĒsica;Portugal;Lisboa
1670;29/03/2025 22:38;Bilhete;Bilhete Jogo Liga;Bilhetes;22;1;22;Bilheteira;Portugal;Braga
1671;15/03/2025 21:19;Bilhete;Bilhete Jogo Liga;Bilhetes;22;1;22;Online;Portugal;Coimbra
1720;05/01/2025 10:04;Bilhete;Bilhete Jogo Feminino;Bilhetes;22;1;22;Loja FĒsica;Portugal;Coimbra
1827;14/03/2025 21:33;Bilhete;Bilhete Derby;Bilhetes;22;1;22;Bilheteira;Portugal;Porto
1851;23/02/2025 14:11;Merchandising;Mochila;Equipamento;22;1;22;Bilheteira;Portugal;Aveiro
1953;15/04/2025 18:40;Merchandising;Mochila;Roupa;22;1;22;Loja FĒsica;Portugal;Porto
1965;11/04/2025 11:03;Bilhete;Bilhete Jogo Feminino;Bilhetes;22;1;22;Online;Portugal;Coimbra
1820;24/02/2025 14:22;Bilhete;Bilhete Derby;Bilhetes;25;1;25;Bilheteira;Portugal;Lisboa
1016;15/01/2025 14:56;Bilhete;Bilhete Derby;Bilhetes;25;1;25;Online;Portugal;Lisboa
1074;25/02/2025 14:40;Bilhete;Bilhete Jogo Feminino;Bilhetes;25;1;25;Loja FĒsica;Portugal;Porto
1139;26/04/2025 10:20;Bilhete;Bilhete Jogo Feminino;Bilhetes;25;1;25;Online;Portugal;Lisboa
1198;17/01/2025 10:15;Bilhete;Bilhete Jogo Tańa;Bilhetes;25;1;25;Bilheteira;Portugal;Coimbra
1202;27/02/2025 11:57;Merchandising;Camisola Oficial;Roupa;25;1;25;Bilheteira;Portugal;Lisboa
1277;03/01/2025 17:46;Bilhete;Bilhete Jogo Liga;Bilhetes;25;1;25;Loja FĒsica;Portugal;Coimbra
1331;16/01/2025 22:10;Bilhete;Bilhete Jogo Liga;Bilhetes;25;1;25;Bilheteira;Portugal;Lisboa
1372;22/01/2025 18:27;Bilhete;Bilhete Jogo Liga;Bilhetes;25;1;25;Bilheteira;Portugal;Braga
1389;03/02/2025 12:15;Bilhete;Bilhete Derby;Bilhetes;25;1;25;Online;Portugal;Coimbra
1489;06/04/2025 19:09;Bilhete;Bilhete Jogo Tańa;Bilhetes;25;1;25;Bilheteira;Portugal;Coimbra
1531;13/04/2025 10:52;Bilhete;Bilhete Jogo Tańa;Bilhetes;25;1;25;Bilheteira;Portugal;Aveiro
1646;23/02/2025 13:19;Merchandising;Calń§es;Roupa;25;1;25;Bilheteira;Portugal;Coimbra
1657;16/01/2025 09:29;Merchandising;Camisola Treino;Roupa;25;1;25;Online;Portugal;Porto
1703;17/01/2025 17:04;Bilhete;Bilhete Derby;Bilhetes;25;1;25;Desconhecido;Portugal;Porto
1838;31/01/2025 18:07;Bilhete;Bilhete Derby;Bilhetes;25;1;25;Bilheteira;Portugal;Aveiro
1853;21/02/2025 18:27;Merchandising;Camisola Treino;Roupa;25;1;25;Bilheteira;Portugal;Porto
1870;24/04/2025 14:01;Bilhete;Bilhete Jogo Tańa;Bilhetes;25;1;25;Loja FĒsica;Portugal;Lisboa
1882;01/03/2025 19:46;Bilhete;Bilhete Jogo Feminino;Bilhetes;25;1;25;Bilheteira;Portugal;Coimbra
1956;17/03/2025 11:47;Merchandising;Calń§es;Roupa;25;1;25;Online;Portugal;Coimbra
1957;30/03/2025 19:34;Merchandising;Camisola Treino;Roupa;25;1;25;Bilheteira;Portugal;Aveiro
1088;01/02/2025 10:35;Merchandising;Calń§es;Roupa;29;1;29;Loja FĒsica;Portugal;Aveiro
1187;09/03/2025 17:32;Merchandising;Camisola Oficial;Roupa;29;1;29;Loja FĒsica;Portugal;Lisboa
1472;08/04/2025 14:35;Merchandising;Calń§es;Roupa;29;1;29;Loja FĒsica;Portugal;Aveiro
1495;12/03/2025 22:35;Merchandising;Camisola Treino;Roupa;29;1;29;Online;Portugal;Lisboa
1618;13/02/2025 20:51;Merchandising;Calń§es;Roupa;29;1;29;Bilheteira;Portugal;Braga
1652;12/01/2025 21:19;Merchandising;Bonķ;Roupa;29;1;29;Bilheteira;Portugal;Braga
1659;09/02/2025 13:32;Merchandising;Camisola Treino;Roupa;29;1;29;Bilheteira;Portugal;Lisboa
1826;08/02/2025 18:25;Merchandising;Camisola Treino;Roupa;29;1;29;Loja FĒsica;Portugal;Lisboa
1954;05/02/2025 16:57;Merchandising;Bonķ;Roupa;29;1;29;Loja FĒsica;Portugal;Aveiro
1004;04/04/2025 16:34;Merchandising;Mochila;Equipamento;35;1;35;Bilheteira;Portugal;Lisboa
1009;28/01/2025 18:56;Merchandising;Garrafa;Equipamento;35;1;35;Bilheteira;Portugal;Desconhecido
1035;23/04/2025 12:23;Merchandising;Bola Street;Equipamento;35;1;35;Online;Portugal;Braga
1036;01/05/2025 11:16;Merchandising;Bola Pro;Equipamento;35;1;35;Online;Portugal;Aveiro
1120;17/04/2025 19:25;Merchandising;Mochila;Equipamento;35;1;35;Online;Portugal;Aveiro
1136;23/01/2025 13:03;Merchandising;Bola Street;Equipamento;35;1;35;Loja FĒsica;Portugal;Braga
1155;01/01/2025 16:47;Merchandising;Mochila;Equipamento;35;1;35;Online;Portugal;Desconhecido
1220;21/02/2025 09:36;Merchandising;Garrafa;Equipamento;35;1;35;Online;Portugal;Coimbra
1383;03/01/2025 11:37;Merchandising;Bola Street;Equipamento;35;1;35;Online;Portugal;Lisboa
1482;11/04/2025 20:20;Merchandising;Garrafa;Equipamento;35;1;35;Online;Portugal;Porto
1691;31/01/2025 15:44;Merchandising;Bola Pro;Equipamento;35;1;35;Bilheteira;Portugal;Coimbra
1704;05/04/2025 10:38;Merchandising;Mochila;Equipamento;35;1;35;Loja FĒsica;Portugal;Porto
1762;25/01/2025 16:05;Merchandising;Garrafa;Equipamento;35;1;35;Bilheteira;Portugal;Porto
1781;30/04/2025 18:48;Merchandising;Garrafa;Equipamento;35;1;35;Online;Portugal;Lisboa
1819;04/01/2025 18:02;Merchandising;Mochila;Equipamento;35;1;35;Bilheteira;Portugal;Coimbra
1946;21/01/2025 20:34;Merchandising;Bola Street;Equipamento;35;1;35;Online;Portugal;Coimbra
1068;06/04/2025 17:03;Merchandising;Bola Pro;Equipamento;40;1;40;Online;Portugal;Lisboa
1126;03/02/2025 17:07;Merchandising;Bola Pro;Equipamento;40;1;40;Bilheteira;Portugal;Coimbra
1158;11/02/2025 11:51;Merchandising;Bola Pro;Equipamento;40;1;40;Bilheteira;Portugal;Coimbra
1181;17/02/2025 12:01;Merchandising;Bola Street;Equipamento;40;1;40;Online;Portugal;Coimbra
1312;03/02/2025 19:55;Merchandising;Bola Street;Equipamento;40;1;40;Loja FĒsica;Portugal;Coimbra
1397;07/02/2025 22:42;Merchandising;Bola Pro;Equipamento;40;1;40;Loja FĒsica;Portugal;Braga
1487;07/02/2025 19:12;Merchandising;Garrafa;Equipamento;40;1;40;Loja FĒsica;Portugal;Lisboa
1607;10/04/2025 09:58;Merchandising;Bola Pro;Equipamento;40;1;40;Bilheteira;Portugal;Braga
1824;30/03/2025 19:13;Merchandising;Bola Pro;Equipamento;40;1;40;Bilheteira;Portugal;Aveiro
1895;05/03/2025 18:41;Merchandising;Garrafa;Equipamento;40;1;40;Bilheteira;Portugal;Braga
1905;20/01/2025 19:23;Merchandising;Garrafa;Equipamento;40;1;40;Online;Portugal;Lisboa
1982;16/01/2025 11:56;Merchandising;Bola Street;Equipamento;40;1;40;Online;Portugal;Porto
1229;01/04/2025 11:33;Merchandising;Bonķ;Roupa;49;1;49;Loja FĒsica;Portugal;Coimbra
1284;08/02/2025 11:36;Merchandising;Calń§es;Roupa;49;1;49;Loja FĒsica;Portugal;Braga
1369;13/04/2025 21:08;Merchandising;Camisola Oficial;Roupa;49;1;49;Online;Portugal;Lisboa
1563;13/01/2025 10:59;Merchandising;Calń§es;Roupa;49;1;49;Loja FĒsica;Portugal;Lisboa
1641;03/04/2025 17:07;Merchandising;Bonķ;Roupa;49;1;49;Loja FĒsica;Portugal;Aveiro
1645;09/04/2025 11:58;Merchandising;Bonķ;Roupa;49;1;49;Loja FĒsica;Portugal;Porto
1726;22/03/2025 20:22;Merchandising;Camisola Treino;Roupa;49;1;49;Online;Portugal;Braga
1858;02/01/2025 16:08;Merchandising;Camisola Treino;Roupa;49;1;49;Loja FĒsica;Portugal;Braga
1906;01/02/2025 22:51;Merchandising;Bonķ;Roupa;49;1;49;Bilheteira;Portugal;Coimbra
1920;12/01/2025 09:27;Merchandising;Bonķ;Roupa;49;1;49;Desconhecido;Portugal;Porto
1964;22/03/2025 16:37;Merchandising;Camisola Oficial;Roupa;49;1;49;Online;Portugal;Lisboa
1038;23/03/2025 15:53;Evento;Workshop Treinadores;FormańŃo;50;1;50;Online;Portugal;Lisboa
1183;02/02/2025 12:53;Evento;Clinic Jovem;FormańŃo;50;1;50;Loja FĒsica;Portugal;Aveiro
1197;27/03/2025 19:25;Evento;Workshop Treinadores;FormańŃo;50;1;50;Loja FĒsica;Portugal;Porto
1291;15/02/2025 17:05;Evento;Clinic Jovem;FormańŃo;50;1;50;Loja FĒsica;Portugal;Coimbra
1327;21/02/2025 17:47;Evento;Workshop Arbitragem;FormańŃo;50;1;50;Loja FĒsica;Portugal;Coimbra
1334;28/01/2025 16:04;Evento;Clinic Jovem;FormańŃo;50;1;50;Loja FĒsica;Portugal;Porto
1375;05/02/2025 15:08;Evento;Workshop Arbitragem;FormańŃo;50;1;50;Online;Portugal;Aveiro
1536;28/04/2025 10:35;Evento;Clinic Lanńamento;FormańŃo;50;1;50;Loja FĒsica;Portugal;Aveiro
1583;16/03/2025 21:44;Evento;Clinic Lanńamento;FormańŃo;50;1;50;Loja FĒsica;Portugal;Aveiro
1732;15/01/2025 16:38;Evento;Clinic Lanńamento;FormańŃo;50;1;50;Online;Portugal;Desconhecido
1816;23/01/2025 17:42;Evento;Workshop Arbitragem;FormańŃo;50;1;50;Loja FĒsica;Portugal;Porto
1966;13/03/2025 09:18;Evento;Clinic Jovem;FormańŃo;50;1;50;Bilheteira;Portugal;Lisboa
1241;12/02/2025 11:46;Evento;Workshop Treinadores;FormańŃo;60;1;60;Loja FĒsica;Portugal;Coimbra
1339;25/04/2025 10:08;Evento;Workshop Arbitragem;FormańŃo;60;1;60;Loja FĒsica;Portugal;Braga
1516;17/01/2025 18:37;Evento;Clinic Jovem;FormańŃo;60;1;60;Online;Portugal;Desconhecido
1525;01/04/2025 20:50;Evento;Workshop Treinadores;FormańŃo;60;1;60;Loja FĒsica;Portugal;Aveiro
1730;05/01/2025 20:09;Evento;Clinic Lanńamento;FormańŃo;60;1;60;Loja FĒsica;Portugal;Lisboa
1757;21/03/2025 14:47;Evento;Workshop Treinadores;FormańŃo;60;1;60;Loja FĒsica;Portugal;Coimbra
1784;12/04/2025 09:09;Evento;Workshop Arbitragem;FormańŃo;60;1;60;Bilheteira;Portugal;Braga
1807;28/03/2025 16:43;Evento;Workshop Treinadores;FormańŃo;60;1;60;Bilheteira;Portugal;Braga
1192;07/04/2025 19:12;Evento;Workshop Arbitragem;FormańŃo;70;1;70;Bilheteira;Portugal;Lisboa
1114;06/01/2025 14:50;Evento;Clinic Lanńamento;FormańŃo;70;1;70;Bilheteira;Portugal;Coimbra
1156;20/02/2025 22:47;Evento;Clinic Lanńamento;FormańŃo;70;1;70;Bilheteira;Portugal;Lisboa
1243;21/02/2025 19:06;Evento;Workshop Arbitragem;FormańŃo;70;1;70;Online;Portugal;Braga
1594;16/02/2025 12:38;Evento;Workshop Arbitragem;FormańŃo;70;1;70;Online;Portugal;Lisboa
1832;23/03/2025 12:54;Evento;Workshop Arbitragem;FormańŃo;70;1;70;Bilheteira;Portugal;Coimbra
1892;14/01/2025 19:54;Evento;Clinic Jovem;FormańŃo;70;1;70;Bilheteira;Portugal;Braga
1941;10/02/2025 16:35;Evento;Clinic Jovem;FormańŃo;70;1;70;Online;Portugal;Braga
1145;06/02/2025 18:19;Evento;Workshop Treinadores;FormańŃo;80;1;80;Online;Portugal;Aveiro
1130;17/04/2025 16:39;Evento;Clinic Lanńamento;FormańŃo;80;1;80;Bilheteira;Portugal;Lisboa
1250;28/02/2025 11:32;Evento;Clinic Jovem;FormańŃo;80;1;80;Bilheteira;Portugal;Aveiro
1465;02/02/2025 18:12;Evento;Clinic Lanńamento;FormańŃo;80;1;80;Online;Portugal;Braga
1473;08/03/2025 10:01;Evento;Workshop Treinadores;FormańŃo;80;1;80;Online;Portugal;Lisboa
1540;03/02/2025 10:24;Evento;Clinic Jovem;FormańŃo;80;1;80;Online;Portugal;Porto
1577;12/02/2025 10:53;Evento;Workshop Treinadores;FormańŃo;80;1;80;Online;Portugal;Coimbra
1602;03/04/2025 09:18;Evento;Workshop Arbitragem;FormańŃo;80;1;80;Online;Portugal;Aveiro
1649;18/03/2025 18:00;Evento;Workshop Arbitragem;FormańŃo;80;1;80;Loja FĒsica;Portugal;Coimbra
1891;21/04/2025 16:37;Evento;Workshop Arbitragem;FormańŃo;80;1;80;Online;Portugal;Coimbra
1958;20/04/2025 14:27;Evento;Clinic Jovem;FormańŃo;80;1;80;Bilheteira;Portugal;Lisboa
1204;12/04/2025 11:15;Merchandising;Bola Street;Equipamento;12;2;24;Online;Portugal;Coimbra
1763;05/02/2025 10:44;Merchandising;Bola Pro;Equipamento;12;2;24;Bilheteira;Portugal;Porto
1779;04/04/2025 16:47;Merchandising;Garrafa;Equipamento;12;2;24;Bilheteira;Portugal;Coimbra
1040;11/03/2025 09:53;Bilhete;Bilhete Jogo Liga;Bilhetes;15;2;30;Loja FĒsica;Portugal;Aveiro
1097;02/03/2025 17:41;Bilhete;Bilhete Derby;Bilhetes;15;2;30;Bilheteira;Portugal;Porto
1104;05/03/2025 20:18;Bilhete;Bilhete Jogo Feminino;Bilhetes;15;2;30;Loja FĒsica;Portugal;Coimbra
1125;07/04/2025 12:55;Bilhete;Bilhete Jogo Feminino;Bilhetes;15;2;30;Loja FĒsica;Portugal;Braga
1148;04/02/2025 20:48;Bilhete;Bilhete Derby;Bilhetes;15;2;30;Bilheteira;Portugal;Coimbra
1159;25/02/2025 18:25;Bilhete;Bilhete Jogo Feminino;Bilhetes;15;2;30;Online;Portugal;Braga
1179;04/02/2025 16:57;Bilhete;Bilhete Derby;Bilhetes;15;2;30;Online;Portugal;Braga
1322;27/01/2025 21:47;Bilhete;Bilhete Jogo Feminino;Bilhetes;15;2;30;Loja FĒsica;Portugal;Coimbra
1517;03/02/2025 11:33;Bilhete;Bilhete Jogo Tańa;Bilhetes;15;2;30;Loja FĒsica;Portugal;Aveiro
1518;27/02/2025 18:30;Bilhete;Bilhete Derby;Bilhetes;15;2;30;Online;Portugal;Porto
1576;02/01/2025 16:13;Bilhete;Bilhete Jogo Tańa;Bilhetes;15;2;30;Bilheteira;Portugal;Coimbra
1694;03/04/2025 16:42;Bilhete;Bilhete Jogo Liga;Bilhetes;15;2;30;Online;Portugal;Lisboa
1706;18/03/2025 22:09;Bilhete;Bilhete Derby;Bilhetes;15;2;30;Bilheteira;Portugal;Braga
1813;18/02/2025 18:43;Bilhete;Bilhete Jogo Feminino;Bilhetes;15;2;30;Online;Portugal;Coimbra
1904;22/03/2025 10:55;Bilhete;Bilhete Jogo Liga;Bilhetes;15;2;30;Bilheteira;Portugal;Porto
1947;03/04/2025 17:17;Bilhete;Bilhete Jogo Feminino;Bilhetes;15;2;30;Online;Portugal;Aveiro
1069;18/04/2025 09:39;Bilhete;Bilhete Jogo Liga;Bilhetes;18;2;36;Online;Portugal;Porto
1090;03/02/2025 19:05;Bilhete;Bilhete Jogo Liga;Bilhetes;18;2;36;Online;Portugal;Porto
1151;07/04/2025 18:03;Bilhete;Bilhete Jogo Liga;Bilhetes;18;2;36;Online;Portugal;Coimbra
1210;26/03/2025 18:46;Bilhete;Bilhete Jogo Tańa;Bilhetes;18;2;36;Bilheteira;Portugal;Aveiro
1228;03/01/2025 16:20;Merchandising;Camisola Oficial;Roupa;18;2;36;Online;Portugal;Braga
1275;09/01/2025 20:09;Bilhete;Bilhete Jogo Feminino;Bilhetes;18;2;36;Online;Portugal;Aveiro
1282;26/04/2025 22:44;Bilhete;Bilhete Jogo Liga;Bilhetes;18;2;36;Bilheteira;Portugal;Coimbra
1321;08/02/2025 22:02;Merchandising;Bonķ;Roupa;18;2;36;Bilheteira;Portugal;Coimbra
1363;07/02/2025 13:54;Bilhete;Bilhete Jogo Feminino;Bilhetes;18;2;36;Bilheteira;Portugal;Coimbra
1398;22/01/2025 19:18;Merchandising;Camisola Oficial;Roupa;18;2;36;Bilheteira;Portugal;Lisboa
1415;18/04/2025 09:15;Bilhete;Bilhete Jogo Tańa;Bilhetes;18;2;36;Bilheteira;Portugal;Lisboa
1421;02/02/2025 18:51;Merchandising;Calń§es;Roupa;18;2;36;Loja FĒsica;Portugal;Coimbra
1429;15/02/2025 12:47;Merchandising;Camisola Treino;Roupa;18;2;36;Bilheteira;Portugal;Coimbra
1440;28/01/2025 20:01;Bilhete;Bilhete Jogo Tańa;Bilhetes;18;2;36;Loja FĒsica;Portugal;Porto
1553;23/02/2025 16:08;Merchandising;Bonķ;Roupa;18;2;36;Loja FĒsica;Portugal;Aveiro
1575;14/01/2025 13:17;Merchandising;Camisola Oficial;Roupa;18;2;36;Loja FĒsica;Portugal;Braga
1584;21/01/2025 16:05;Merchandising;Camisola Treino;Roupa;18;2;36;Loja FĒsica;Portugal;Coimbra
1593;14/01/2025 16:12;Merchandising;Calń§es;Roupa;18;2;36;Online;Portugal;Aveiro
1627;13/02/2025 15:42;Bilhete;Bilhete Derby;Bilhetes;18;2;36;Online;Portugal;Braga
1636;29/04/2025 16:55;Merchandising;Calń§es;Roupa;18;2;36;Bilheteira;Portugal;Coimbra
1668;13/02/2025 16:46;Bilhete;Bilhete Jogo Feminino;Bilhetes;18;2;36;Bilheteira;Portugal;Coimbra
1727;04/01/2025 20:37;Merchandising;Calń§es;Roupa;18;2;36;Desconhecido;Portugal;Braga
1746;29/04/2025 18:29;Bilhete;Bilhete Jogo Feminino;Bilhetes;18;2;36;Bilheteira;Portugal;Coimbra
1799;27/03/2025 14:01;Bilhete;Bilhete Jogo Tańa;Bilhetes;18;2;36;Online;Portugal;Coimbra
1803;17/04/2025 14:24;Merchandising;Bonķ;Roupa;18;2;36;Online;Portugal;Aveiro
1000;29/01/2025 11:47;Bilhete;Bilhete Jogo Liga;Bilhetes;22;2;44;Loja FĒsica;Portugal;Aveiro
1003;08/04/2025 14:06;Merchandising;Mochila;Equipamento;22;2;44;Bilheteira;Portugal;Lisboa
1047;16/03/2025 13:02;Bilhete;Bilhete Jogo Liga;Bilhetes;22;2;44;Loja FĒsica;Portugal;Braga
1061;30/01/2025 15:44;Merchandising;Bola Pro;Equipamento;22;2;44;Loja FĒsica;Portugal;Porto
1084;16/02/2025 11:19;Bilhete;Bilhete Jogo Tańa;Bilhetes;22;2;44;Loja FĒsica;Portugal;Aveiro
1115;09/03/2025 15:36;Merchandising;Garrafa;Equipamento;22;2;44;Online;Portugal;Porto
1133;17/01/2025 21:36;Bilhete;Bilhete Jogo Liga;Bilhetes;22;2;44;Desconhecido;Portugal;Aveiro
1207;25/02/2025 17:58;Merchandising;Bola Street;Equipamento;22;2;44;Online;Portugal;Aveiro
1245;08/01/2025 19:07;Bilhete;Bilhete Derby;Bilhetes;22;2;44;Bilheteira;Portugal;Porto
1308;08/03/2025 11:35;Merchandising;Bola Pro;Equipamento;22;2;44;Bilheteira;Portugal;Aveiro
1367;12/01/2025 20:15;Bilhete;Bilhete Jogo Tańa;Bilhetes;22;2;44;Bilheteira;Portugal;Aveiro
1368;04/01/2025 15:54;Bilhete;Bilhete Derby;Bilhetes;22;2;44;Loja FĒsica;Portugal;Aveiro
1410;07/01/2025 20:30;Bilhete;Bilhete Jogo Feminino;Bilhetes;22;2;44;Bilheteira;Portugal;Lisboa
1425;08/03/2025 21:15;Merchandising;Mochila;Equipamento;22;2;44;Loja FĒsica;Portugal;Braga
1427;29/03/2025 17:40;Bilhete;Bilhete Jogo Tańa;Bilhetes;22;2;44;Loja FĒsica;Portugal;Coimbra
1434;08/04/2025 21:10;Bilhete;Bilhete Jogo Feminino;Bilhetes;22;2;44;Online;Portugal;Braga
1443;30/03/2025 19:40;Merchandising;Garrafa;Equipamento;22;2;44;Bilheteira;Portugal;Braga
1471;27/01/2025 18:45;Merchandising;Mochila;Equipamento;22;2;44;Loja FĒsica;Portugal;Coimbra
1474;06/02/2025 19:16;Bilhete;Bilhete Jogo Tańa;Bilhetes;22;2;44;Online;Portugal;Coimbra
1514;21/01/2025 14:38;Merchandising;Bola Street;Equipamento;22;2;44;Online;Portugal;Porto
1585;31/03/2025 17:50;Bilhete;Bilhete Jogo Liga;Bilhetes;22;2;44;Online;Portugal;Braga
1631;04/04/2025 09:48;Bilhete;Bilhete Jogo Tańa;Bilhetes;22;2;44;Bilheteira;Portugal;Braga
1633;29/03/2025 09:22;Merchandising;Bola Street;Equipamento;22;2;44;Loja FĒsica;Portugal;Braga
1769;21/01/2025 12:07;Merchandising;Bola Street;Equipamento;22;2;44;Bilheteira;Portugal;Aveiro
1796;11/01/2025 15:44;Merchandising;Bola Street;Equipamento;22;2;44;Online;Portugal;Lisboa
1885;24/01/2025 10:47;Merchandising;Mochila;Equipamento;22;2;44;Bilheteira;Portugal;Lisboa
1888;02/01/2025 12:07;Merchandising;Bola Pro;Equipamento;22;2;44;Loja FĒsica;Portugal;Porto
1896;02/03/2025 14:28;Bilhete;Bilhete Jogo Tańa;Bilhetes;22;2;44;Loja FĒsica;Portugal;Porto
1980;03/01/2025 11:53;Merchandising;Bola Street;Equipamento;22;2;44;Online;Portugal;Lisboa
1066;21/04/2025 16:11;Bilhete;Bilhete Jogo Liga;Bilhetes;25;2;50;Bilheteira;Portugal;Braga
1111;10/01/2025 16:50;Bilhete;Bilhete Jogo Tańa;Bilhetes;25;2;50;Bilheteira;Portugal;Aveiro
1173;10/01/2025 13:54;Merchandising;Calń§es;Roupa;25;2;50;Loja FĒsica;Portugal;Aveiro
1208;11/02/2025 20:14;Merchandising;Camisola Treino;Roupa;25;2;50;Loja FĒsica;Portugal;Coimbra
1218;28/01/2025 18:22;Bilhete;Bilhete Jogo Feminino;Bilhetes;25;2;50;Online;Portugal;Coimbra
1235;07/01/2025 19:57;Merchandising;Camisola Oficial;Roupa;25;2;50;Online;Portugal;Desconhecido
1253;09/04/2025 11:49;Bilhete;Bilhete Derby;Bilhetes;25;2;50;Loja FĒsica;Portugal;Braga
1413;27/04/2025 22:26;Bilhete;Bilhete Jogo Tańa;Bilhetes;25;2;50;Bilheteira;Portugal;Aveiro
1508;14/03/2025 18:42;Merchandising;Bonķ;Roupa;25;2;50;Loja FĒsica;Portugal;Desconhecido
1522;26/04/2025 18:34;Bilhete;Bilhete Jogo Liga;Bilhetes;25;2;50;Loja FĒsica;Portugal;Braga
1526;30/03/2025 21:20;Bilhete;Bilhete Jogo Liga;Bilhetes;25;2;50;Bilheteira;Portugal;Lisboa
1530;13/01/2025 12:32;Bilhete;Bilhete Jogo Tańa;Bilhetes;25;2;50;Bilheteira;Portugal;Aveiro
1544;18/04/2025 18:22;Merchandising;Calń§es;Roupa;25;2;50;Online;Portugal;Lisboa
1562;26/03/2025 13:47;Merchandising;Camisola Oficial;Roupa;25;2;50;Loja FĒsica;Portugal;Lisboa
1623;18/02/2025 17:45;Bilhete;Bilhete Derby;Bilhetes;25;2;50;Bilheteira;Portugal;Braga
1647;01/01/2025 18:48;Merchandising;Camisola Oficial;Roupa;25;2;50;Online;Portugal;Braga
1650;08/01/2025 19:22;Merchandising;Camisola Oficial;Roupa;25;2;50;Online;Portugal;Lisboa
1669;03/04/2025 09:29;Merchandising;Camisola Oficial;Roupa;25;2;50;Loja FĒsica;Portugal;Aveiro
1707;15/03/2025 20:53;Merchandising;Bonķ;Roupa;25;2;50;Desconhecido;Portugal;Coimbra
1785;04/03/2025 20:41;Bilhete;Bilhete Derby;Bilhetes;25;2;50;Online;Portugal;Lisboa
1830;26/03/2025 22:47;Bilhete;Bilhete Jogo Tańa;Bilhetes;25;2;50;Bilheteira;Portugal;Aveiro
1879;24/03/2025 19:45;Bilhete;Bilhete Derby;Bilhetes;25;2;50;Bilheteira;Portugal;Aveiro
1889;25/03/2025 12:27;Bilhete;Bilhete Jogo Tańa;Bilhetes;25;2;50;Loja FĒsica;Portugal;Porto
1908;13/04/2025 15:26;Merchandising;Bonķ;Roupa;25;2;50;Bilheteira;Portugal;Aveiro
1936;23/02/2025 09:55;Bilhete;Bilhete Derby;Bilhetes;25;2;50;Bilheteira;Portugal;Braga
1029;08/01/2025 18:47;Merchandising;Calń§es;Roupa;29;2;58;Online;Portugal;Coimbra
1135;15/01/2025 19:55;Merchandising;Calń§es;Roupa;29;2;58;Online;Portugal;Lisboa
1161;31/01/2025 10:09;Merchandising;Camisola Treino;Roupa;29;2;58;Online;Portugal;Porto
1552;13/03/2025 15:54;Merchandising;Camisola Oficial;Roupa;29;2;58;Online;Portugal;Porto
1571;22/02/2025 17:27;Merchandising;Camisola Oficial;Roupa;29;2;58;Online;Portugal;Porto
1634;20/04/2025 15:31;Merchandising;Bonķ;Roupa;29;2;58;Online;Portugal;Porto
1039;05/04/2025 16:35;Merchandising;Bola Street;Equipamento;35;2;70;Bilheteira;Portugal;Aveiro
1082;16/01/2025 20:12;Merchandising;Mochila;Roupa;35;2;70;Online;Portugal;Aveiro
1257;30/04/2025 20:48;Merchandising;Bola Street;Equipamento;35;2;70;Online;Portugal;Braga
1319;10/03/2025 13:10;Merchandising;Bola Pro;Equipamento;35;2;70;Loja FĒsica;Portugal;Braga
1333;07/01/2025 15:40;Merchandising;Bola Pro;Equipamento;35;2;70;Desconhecido;Portugal;Porto
1340;01/02/2025 13:41;Merchandising;Garrafa;Equipamento;35;2;70;Online;Portugal;Aveiro
1341;08/03/2025 18:32;Merchandising;Bola Pro;Equipamento;35;2;70;Loja FĒsica;Portugal;Desconhecido
1364;10/01/2025 12:08;Merchandising;Garrafa;Equipamento;35;2;70;Online;Portugal;Porto
1377;04/01/2025 14:38;Merchandising;Garrafa;Equipamento;35;2;70;Online;Portugal;Coimbra
1446;06/01/2025 17:31;Merchandising;Garrafa;Equipamento;35;2;70;Loja FĒsica;Portugal;Braga
1537;19/03/2025 12:29;Merchandising;Mochila;Equipamento;35;2;70;Loja FĒsica;Portugal;Lisboa
1569;08/02/2025 09:00;Merchandising;Garrafa;Equipamento;35;2;70;Online;Portugal;Coimbra
1632;10/04/2025 12:06;Merchandising;Garrafa;Equipamento;35;2;70;Online;Portugal;Lisboa
1794;15/04/2025 16:56;Merchandising;Mochila;Equipamento;35;2;70;Loja FĒsica;Portugal;Coimbra
1975;14/01/2025 16:56;Merchandising;Garrafa;Equipamento;35;2;70;Bilheteira;Portugal;Porto
1196;30/03/2025 16:22;Merchandising;Garrafa;Equipamento;40;2;80;Online;Portugal;Coimbra
1287;15/02/2025 17:24;Merchandising;Garrafa;Equipamento;40;2;80;Desconhecido;Portugal;Aveiro
1317;25/01/2025 22:24;Merchandising;Bola Pro;Equipamento;40;2;80;Loja FĒsica;Portugal;Braga
1329;24/02/2025 22:13;Merchandising;Bola Pro;Equipamento;40;2;80;Bilheteira;Portugal;Coimbra
1393;04/04/2025 10:35;Merchandising;Bola Street;Equipamento;40;2;80;Bilheteira;Portugal;Aveiro
1470;18/01/2025 15:38;Merchandising;Mochila;Equipamento;40;2;80;Loja FĒsica;Portugal;Aveiro
1812;22/03/2025 11:01;Merchandising;Garrafa;Equipamento;40;2;80;Loja FĒsica;Portugal;Lisboa
1909;09/04/2025 09:45;Merchandising;Bola Pro;Equipamento;40;2;80;Online;Portugal;Lisboa
1910;25/02/2025 09:25;Merchandising;Mochila;Equipamento;40;2;80;Loja FĒsica;Portugal;Porto
1146;19/04/2025 10:22;Merchandising;Calń§es;Roupa;49;2;98;Bilheteira;Portugal;Lisboa
1227;09/03/2025 19:46;Merchandising;Camisola Oficial;Roupa;49;2;98;Bilheteira;Portugal;Porto
1267;22/04/2025 14:19;Merchandising;Calń§es;Roupa;49;2;98;Online;Portugal;Porto
1354;11/02/2025 12:26;Merchandising;Camisola Oficial;Roupa;49;2;98;Bilheteira;Portugal;Coimbra
1404;22/01/2025 12:51;Merchandising;Camisola Oficial;Roupa;49;2;98;Online;Portugal;Lisboa
1579;05/04/2025 09:12;Merchandising;Bonķ;Roupa;49;2;98;Loja FĒsica;Portugal;Lisboa
1780;17/04/2025 18:38;Merchandising;Bonķ;Roupa;49;2;98;Online;Portugal;Porto
1101;08/03/2025 14:39;Evento;Workshop Arbitragem;FormańŃo;50;2;100;Loja FĒsica;Portugal;Braga
1127;02/03/2025 09:39;Evento;Workshop Treinadores;FormańŃo;50;2;100;Bilheteira;Portugal;Aveiro
1206;10/02/2025 19:04;Evento;Workshop Arbitragem;FormańŃo;50;2;100;Bilheteira;Portugal;Aveiro
1409;05/02/2025 15:09;Evento;Workshop Arbitragem;FormańŃo;50;2;100;Loja FĒsica;Portugal;Braga
1453;31/03/2025 20:03;Evento;Clinic Lanńamento;FormańŃo;50;2;100;Online;Portugal;Braga
1521;02/03/2025 18:38;Evento;Clinic Lanńamento;FormańŃo;50;2;100;Loja FĒsica;Portugal;Aveiro
1533;23/03/2025 16:28;Evento;Workshop Treinadores;FormańŃo;50;2;100;Online;Portugal;Aveiro
1797;14/01/2025 09:50;Evento;Workshop Arbitragem;FormańŃo;50;2;100;Loja FĒsica;Portugal;Aveiro
1868;16/01/2025 14:05;Evento;Workshop Arbitragem;FormańŃo;50;2;100;Bilheteira;Portugal;Porto
1924;01/05/2025 17:23;Evento;Workshop Arbitragem;FormańŃo;50;2;100;Loja FĒsica;Portugal;Desconhecido
1940;31/01/2025 21:38;Evento;Clinic Jovem;FormańŃo;50;2;100;Online;Portugal;Braga
1949;24/03/2025 09:38;Evento;Workshop Treinadores;FormańŃo;50;2;100;Online;Portugal;Lisboa
1271;03/01/2025 13:35;Evento;Clinic Jovem;FormańŃo;60;2;120;Loja FĒsica;Portugal;Braga
1323;15/04/2025 12:51;Evento;Clinic Lanńamento;FormańŃo;60;2;120;Loja FĒsica;Portugal;Coimbra
1432;26/01/2025 14:26;Evento;Clinic Jovem;FormańŃo;60;2;120;Bilheteira;Portugal;Porto
1497;29/01/2025 18:53;Evento;Clinic Lanńamento;FormańŃo;60;2;120;Online;Portugal;Lisboa
1679;21/04/2025 18:16;Evento;Clinic Lanńamento;FormańŃo;60;2;120;Bilheteira;Portugal;Porto
1684;26/03/2025 19:04;Evento;Workshop Treinadores;FormańŃo;60;2;120;Loja FĒsica;Portugal;Aveiro
1731;02/01/2025 11:40;Evento;Clinic Jovem;FormańŃo;60;2;120;Bilheteira;Portugal;Lisboa
1738;20/03/2025 20:02;Evento;Workshop Arbitragem;FormańŃo;60;2;120;Online;Portugal;Braga
1855;25/01/2025 22:52;Evento;Clinic Jovem;FormańŃo;60;2;120;Bilheteira;Portugal;Braga
1970;18/01/2025 21:02;Evento;Workshop Arbitragem;FormańŃo;60;2;120;Online;Portugal;Coimbra
1045;29/01/2025 09:42;Evento;Workshop Treinadores;FormańŃo;70;2;140;Bilheteira;Portugal;Coimbra
1108;31/03/2025 12:36;Evento;Workshop Arbitragem;FormańŃo;70;2;140;Online;Portugal;Braga
1184;08/02/2025 10:03;Evento;Clinic Jovem;FormańŃo;70;2;140;Bilheteira;Portugal;Aveiro
1230;28/02/2025 17:21;Evento;Workshop Arbitragem;FormańŃo;70;2;140;Bilheteira;Portugal;Coimbra
1233;07/02/2025 09:18;Evento;Workshop Arbitragem;FormańŃo;70;2;140;Online;Portugal;Coimbra
1288;02/04/2025 10:05;Evento;Clinic Jovem;FormańŃo;70;2;140;Online;Portugal;Braga
1357;07/02/2025 18:50;Evento;Clinic Jovem;FormańŃo;70;2;140;Loja FĒsica;Portugal;Aveiro
1619;05/04/2025 17:13;Evento;Clinic Jovem;FormańŃo;70;2;140;Loja FĒsica;Portugal;Aveiro
1914;12/01/2025 17:35;Evento;Clinic Lanńamento;FormańŃo;70;2;140;Loja FĒsica;Portugal;Coimbra
1010;03/02/2025 11:15;Evento;Workshop Arbitragem;FormańŃo;80;2;160;Loja FĒsica;Portugal;Aveiro
1105;28/02/2025 17:09;Evento;Workshop Arbitragem;FormańŃo;80;2;160;Online;Portugal;Aveiro
1234;26/01/2025 22:34;Evento;Workshop Treinadores;FormańŃo;80;2;160;Loja FĒsica;Portugal;Desconhecido
1394;19/03/2025 15:10;Evento;Clinic Jovem;FormańŃo;80;2;160;Online;Portugal;Coimbra
1405;16/04/2025 19:09;Evento;Clinic Jovem;FormańŃo;80;2;160;Bilheteira;Portugal;Coimbra
1546;08/04/2025 17:17;Evento;Workshop Treinadores;FormańŃo;80;2;160;Online;Portugal;Aveiro
1578;25/01/2025 22:16;Evento;Clinic Jovem;FormańŃo;80;2;160;Online;Portugal;Lisboa
1611;17/01/2025 14:05;Evento;Workshop Treinadores;FormańŃo;80;2;160;Loja FĒsica;Portugal;Lisboa
1666;17/02/2025 16:53;Evento;Clinic Jovem;FormańŃo;80;2;160;Desconhecido;Portugal;Aveiro
1721;25/03/2025 19:00;Evento;Clinic Jovem;FormańŃo;80;2;160;Loja FĒsica;Portugal;Braga
1782;13/03/2025 16:45;Evento;Workshop Treinadores;FormańŃo;80;2;160;Online;Portugal;Porto
1839;19/01/2025 10:11;Evento;Clinic Lanńamento;FormańŃo;80;2;160;Bilheteira;Portugal;Braga
1856;18/03/2025 12:52;Evento;Clinic Lanńamento;FormańŃo;80;2;160;Loja FĒsica;Portugal;Porto
1857;04/01/2025 13:16;Evento;Clinic Lanńamento;FormańŃo;80;2;160;Loja FĒsica;Portugal;Braga
1913;23/04/2025 13:05;Evento;Workshop Treinadores;FormańŃo;80;2;160;Loja FĒsica;Portugal;Coimbra
1977;16/04/2025 09:23;Evento;Clinic Lanńamento;FormańŃo;80;2;160;Online;Portugal;Coimbra
1050;21/03/2025 14:42;Merchandising;Garrafa;Equipamento;12;3;36;Loja FĒsica;Portugal;Coimbra
1153;28/03/2025 19:37;Merchandising;Garrafa;Equipamento;12;3;36;Loja FĒsica;Portugal;Coimbra
1193;25/02/2025 15:47;Merchandising;Mochila;Equipamento;12;3;36;Bilheteira;Portugal;Coimbra
1244;19/02/2025 12:28;Merchandising;Bola Street;Equipamento;12;3;36;Bilheteira;Portugal;Coimbra
1347;31/03/2025 15:46;Merchandising;Garrafa;Equipamento;12;3;36;Desconhecido;Portugal;Porto
1621;26/01/2025 21:44;Merchandising;Bola Street;Equipamento;12;3;36;Bilheteira;Portugal;Lisboa
1667;11/04/2025 09:49;Merchandising;Bola Street;Equipamento;12;3;36;Online;Portugal;Braga
1787;07/03/2025 20:36;Merchandising;Garrafa;Equipamento;12;3;36;Bilheteira;Portugal;Porto
1835;12/04/2025 21:17;Merchandising;Bola Street;Equipamento;12;3;36;Loja FĒsica;Portugal;Porto
1164;01/03/2025 16:02;Bilhete;Bilhete Derby;Bilhetes;15;3;45;Bilheteira;Portugal;Coimbra
1266;18/02/2025 19:38;Bilhete;Bilhete Jogo Tańa;Bilhetes;15;3;45;Desconhecido;Portugal;Lisboa
1496;27/01/2025 20:47;Bilhete;Bilhete Jogo Feminino;Bilhetes;15;3;45;Bilheteira;Portugal;Porto
1653;02/03/2025 11:07;Bilhete;Bilhete Jogo Feminino;Bilhetes;15;3;45;Bilheteira;Portugal;Coimbra
1682;10/03/2025 16:25;Bilhete;Bilhete Derby;Bilhetes;15;3;45;Bilheteira;Portugal;Porto
1798;06/01/2025 10:19;Bilhete;Bilhete Jogo Feminino;Bilhetes;15;3;45;Online;Portugal;Lisboa
1951;15/04/2025 15:52;Bilhete;Bilhete Jogo Feminino;Bilhetes;15;3;45;Bilheteira;Portugal;Braga
1103;12/03/2025 09:35;Bilhete;Bilhete Jogo Tańa;Bilhetes;18;3;54;Online;Portugal;Porto
1113;30/01/2025 20:05;Bilhete;Bilhete Jogo Liga;Bilhetes;18;3;54;Online;Portugal;Lisboa
1182;28/04/2025 22:30;Merchandising;Calń§es;Roupa;18;3;54;Online;Portugal;Braga
1325;21/04/2025 19:08;Merchandising;Bonķ;Roupa;18;3;54;Online;Portugal;Porto
1346;11/01/2025 17:58;Merchandising;Camisola Treino;Roupa;18;3;54;Online;Portugal;Aveiro
1352;21/01/2025 13:49;Bilhete;Bilhete Jogo Feminino;Bilhetes;18;3;54;Loja FĒsica;Portugal;Lisboa
1388;06/04/2025 10:15;Bilhete;Bilhete Jogo Feminino;Bilhetes;18;3;54;Bilheteira;Portugal;Porto
1436;07/04/2025 22:33;Merchandising;Camisola Treino;Roupa;18;3;54;Online;Portugal;Lisboa
1438;07/02/2025 16:46;Merchandising;Camisola Oficial;Roupa;18;3;54;Loja FĒsica;Portugal;Aveiro
1524;03/03/2025 21:14;Bilhete;Bilhete Jogo Feminino;Bilhetes;18;3;54;Bilheteira;Portugal;Aveiro
1603;29/01/2025 12:54;Merchandising;Camisola Treino;Roupa;18;3;54;Online;Portugal;Coimbra
1614;10/04/2025 15:20;Merchandising;Calń§es;Roupa;18;3;54;Loja FĒsica;Portugal;Lisboa
1617;20/01/2025 21:46;Bilhete;Bilhete Jogo Tańa;Bilhetes;18;3;54;Online;Portugal;Lisboa
1690;26/04/2025 17:03;Merchandising;Camisola Treino;Roupa;18;3;54;Loja FĒsica;Portugal;Aveiro
1759;31/01/2025 17:07;Bilhete;Bilhete Jogo Tańa;Bilhetes;18;3;54;Bilheteira;Portugal;Aveiro
1776;26/01/2025 09:05;Bilhete;Bilhete Jogo Tańa;Bilhetes;18;3;54;Bilheteira;Portugal;Lisboa
1804;16/01/2025 16:07;Merchandising;Bonķ;Roupa;18;3;54;Online;Portugal;Braga
1809;26/01/2025 18:54;Bilhete;Bilhete Derby;Bilhetes;18;3;54;Online;Portugal;Porto
1849;10/02/2025 18:05;Bilhete;Bilhete Jogo Feminino;Bilhetes;18;3;54;Online;Portugal;Porto
1873;11/02/2025 21:03;Merchandising;Calń§es;Roupa;18;3;54;Online;Portugal;Aveiro
1978;26/02/2025 12:40;Bilhete;Bilhete Jogo Liga;Bilhetes;18;3;54;Bilheteira;Portugal;Lisboa
1979;23/01/2025 12:56;Bilhete;Bilhete Jogo Tańa;Bilhetes;18;3;54;Loja FĒsica;Portugal;Porto
1981;30/04/2025 12:19;Merchandising;Bonķ;Roupa;18;3;54;Online;Portugal;Coimbra
1992;26/04/2025 10:18;Merchandising;Camisola Treino;Roupa;18;3;54;Loja FĒsica;Portugal;Aveiro
1995;06/02/2025 22:22;Merchandising;Camisola Treino;Roupa;18;3;54;Bilheteira;Portugal;Aveiro
1100;15/01/2025 21:25;Bilhete;Bilhete Derby;Bilhetes;22;3;66;Online;Portugal;Aveiro
1124;27/04/2025 22:30;Merchandising;Mochila;Equipamento;22;3;66;Loja FĒsica;Portugal;Coimbra
1160;10/04/2025 11:04;Merchandising;Mochila;Equipamento;22;3;66;Loja FĒsica;Portugal;Lisboa
1272;30/01/2025 15:36;Merchandising;Bola Street;Equipamento;22;3;66;Bilheteira;Portugal;Aveiro
1343;17/01/2025 15:55;Bilhete;Bilhete Jogo Liga;Bilhetes;22;3;66;Bilheteira;Portugal;Coimbra
1418;06/04/2025 22:44;Merchandising;Mochila;Equipamento;22;3;66;Bilheteira;Portugal;Lisboa
1428;13/01/2025 16:08;Merchandising;Bola Street;Equipamento;22;3;66;Bilheteira;Portugal;Aveiro
1439;26/04/2025 16:22;Merchandising;Garrafa;Equipamento;22;3;66;Online;Portugal;Braga
1502;23/04/2025 16:29;Merchandising;Mochila;Equipamento;22;3;66;Bilheteira;Portugal;Coimbra
1565;26/02/2025 19:08;Merchandising;Bola Street;Equipamento;22;3;66;Loja FĒsica;Portugal;Porto
1566;21/04/2025 16:29;Bilhete;Bilhete Jogo Liga;Bilhetes;22;3;66;Bilheteira;Portugal;Aveiro
1673;15/01/2025 09:39;Merchandising;Bola Street;Equipamento;22;3;66;Loja FĒsica;Portugal;Lisboa
1744;30/01/2025 21:07;Merchandising;Garrafa;Equipamento;22;3;66;Online;Portugal;Desconhecido
1761;27/02/2025 16:32;Bilhete;Bilhete Jogo Liga;Bilhetes;22;3;66;Online;Portugal;Braga
1768;06/02/2025 16:10;Merchandising;Bola Pro;Equipamento;22;3;66;Online;Portugal;Aveiro
1863;15/01/2025 14:02;Merchandising;Garrafa;Equipamento;22;3;66;Bilheteira;Portugal;Coimbra
1897;03/04/2025 20:24;Merchandising;Garrafa;Equipamento;22;3;66;Loja FĒsica;Portugal;Coimbra
1916;22/03/2025 17:22;Bilhete;Bilhete Jogo Liga;Bilhetes;22;3;66;Online;Portugal;Lisboa
1999;29/01/2025 15:27;Bilhete;Bilhete Jogo Feminino;Bilhetes;22;3;66;Bilheteira;Portugal;Aveiro
1023;24/02/2025 15:29;Bilhete;Bilhete Jogo Liga;Bilhetes;25;3;75;Online;Portugal;Lisboa
1033;20/02/2025 11:42;Merchandising;Camisola Treino;Roupa;25;3;75;Bilheteira;Portugal;Desconhecido
1062;11/03/2025 16:26;Bilhete;Bilhete Jogo Feminino;Bilhetes;25;3;75;Online;Portugal;Braga
1064;25/02/2025 16:01;Merchandising;Bonķ;Roupa;25;3;75;Bilheteira;Portugal;Braga
1134;10/04/2025 11:50;Merchandising;Calń§es;Roupa;25;3;75;Desconhecido;Portugal;Coimbra
1180;30/04/2025 09:26;Bilhete;Bilhete Jogo Tańa;Bilhetes;25;3;75;Bilheteira;Portugal;Aveiro
1236;02/04/2025 16:06;Bilhete;Bilhete Jogo Liga;Bilhetes;25;3;75;Online;Portugal;Lisboa
1249;20/04/2025 17:28;Merchandising;Calń§es;Roupa;25;3;75;Loja FĒsica;Portugal;Porto
1252;31/03/2025 10:34;Bilhete;Bilhete Jogo Liga;Bilhetes;25;3;75;Online;Portugal;Braga
1265;27/01/2025 14:41;Merchandising;Bonķ;Roupa;25;3;75;Desconhecido;Portugal;Coimbra
1307;09/01/2025 13:02;Bilhete;Bilhete Jogo Feminino;Bilhetes;25;3;75;Online;Portugal;Lisboa
1350;04/04/2025 10:49;Merchandising;Camisola Treino;Roupa;25;3;75;Bilheteira;Portugal;Braga
1466;14/01/2025 21:26;Merchandising;Bonķ;Roupa;25;3;75;Loja FĒsica;Portugal;Aveiro
1555;02/03/2025 22:40;Merchandising;Camisola Oficial;Roupa;25;3;75;Bilheteira;Portugal;Coimbra
1560;10/02/2025 19:18;Merchandising;Camisola Treino;Roupa;25;3;75;Bilheteira;Portugal;Aveiro
1574;31/03/2025 18:31;Bilhete;Bilhete Jogo Feminino;Bilhetes;25;3;75;Bilheteira;Portugal;Lisboa
1581;26/01/2025 14:56;Bilhete;Bilhete Derby;Bilhetes;25;3;75;Loja FĒsica;Portugal;Porto
1582;02/01/2025 11:50;Bilhete;Bilhete Jogo Tańa;Bilhetes;25;3;75;Loja FĒsica;Portugal;Lisboa
1589;15/04/2025 13:34;Bilhete;Bilhete Jogo Tańa;Bilhetes;25;3;75;Bilheteira;Portugal;Lisboa
1615;14/02/2025 12:20;Bilhete;Bilhete Jogo Feminino;Bilhetes;25;3;75;Loja FĒsica;Portugal;Lisboa
1644;11/01/2025 17:45;Bilhete;Bilhete Jogo Liga;Bilhetes;25;3;75;Loja FĒsica;Portugal;Aveiro
1716;07/02/2025 16:42;Merchandising;Camisola Oficial;Roupa;25;3;75;Loja FĒsica;Portugal;Braga
1747;04/02/2025 12:21;Merchandising;Bonķ;Roupa;25;3;75;Online;Portugal;Aveiro
1758;01/03/2025 18:02;Bilhete;Bilhete Jogo Liga;Bilhetes;25;3;75;Bilheteira;Portugal;Porto
1821;17/03/2025 10:58;Merchandising;Calń§es;Roupa;25;3;75;Online;Portugal;Coimbra
1861;20/02/2025 19:23;Bilhete;Bilhete Derby;Bilhetes;25;3;75;Loja FĒsica;Portugal;Lisboa
1884;10/02/2025 18:46;Bilhete;Bilhete Jogo Liga;Bilhetes;25;3;75;Loja FĒsica;Portugal;Braga
1984;01/02/2025 09:40;Merchandising;Camisola Treino;Roupa;25;3;75;Online;Portugal;Aveiro
1123;06/04/2025 15:11;Merchandising;Camisola Oficial;Roupa;29;3;87;Online;Portugal;Aveiro
1242;14/03/2025 19:48;Merchandising;Camisola Oficial;Roupa;29;3;87;Online;Portugal;Aveiro
1289;14/01/2025 10:00;Merchandising;Bonķ;Roupa;29;3;87;Bilheteira;Portugal;Coimbra
1437;17/01/2025 10:24;Merchandising;Calń§es;Roupa;29;3;87;Loja FĒsica;Portugal;Coimbra
1499;17/01/2025 19:41;Merchandising;Bonķ;Roupa;29;3;87;Online;Portugal;Coimbra
1527;20/04/2025 17:27;Merchandising;Bonķ;Roupa;29;3;87;Bilheteira;Portugal;Aveiro
1588;04/04/2025 16:17;Merchandising;Calń§es;Roupa;29;3;87;Loja FĒsica;Portugal;Porto
1605;12/01/2025 18:25;Merchandising;Calń§es;Roupa;29;3;87;Online;Portugal;Lisboa
1672;10/03/2025 14:49;Merchandising;Calń§es;Roupa;29;3;87;Loja FĒsica;Portugal;Lisboa
1674;19/01/2025 20:51;Merchandising;Camisola Treino;Roupa;29;3;87;Loja FĒsica;Portugal;Porto
1754;31/01/2025 19:05;Merchandising;Calń§es;Roupa;29;3;87;Bilheteira;Portugal;Coimbra
1760;25/04/2025 13:32;Merchandising;Calń§es;Roupa;29;3;87;Bilheteira;Portugal;Coimbra
1770;24/01/2025 12:35;Merchandising;Bonķ;Roupa;29;3;87;Online;Portugal;Coimbra
1907;02/04/2025 21:26;Merchandising;Camisola Oficial;Roupa;29;3;87;Loja FĒsica;Portugal;Porto
1918;27/03/2025 21:52;Merchandising;Camisola Treino;Roupa;29;3;87;Loja FĒsica;Portugal;Porto
1046;24/03/2025 17:25;Merchandising;Bola Pro;Equipamento;35;3;105;Loja FĒsica;Portugal;Coimbra
1200;01/02/2025 10:01;Merchandising;Garrafa;Equipamento;35;3;105;Online;Portugal;Braga
1214;04/04/2025 22:22;Merchandising;Bola Street;Equipamento;35;3;105;Online;Portugal;Coimbra
1240;28/02/2025 19:34;Merchandising;Bola Pro;Equipamento;35;3;105;Bilheteira;Portugal;Porto
1324;07/02/2025 18:17;Merchandising;Bola Street;Equipamento;35;3;105;Loja FĒsica;Portugal;Lisboa
1411;18/04/2025 16:54;Merchandising;Mochila;Equipamento;35;3;105;Loja FĒsica;Portugal;Lisboa
1416;16/04/2025 16:32;Merchandising;Bola Street;Equipamento;35;3;105;Loja FĒsica;Portugal;Lisboa
1493;19/03/2025 10:18;Merchandising;Bola Pro;Equipamento;35;3;105;Bilheteira;Portugal;Braga
1554;13/03/2025 22:36;Merchandising;Garrafa;Equipamento;35;3;105;Bilheteira;Portugal;Lisboa
1701;07/02/2025 11:02;Merchandising;Garrafa;Equipamento;35;3;105;Loja FĒsica;Portugal;Coimbra
1714;25/01/2025 09:01;Merchandising;Bola Street;Equipamento;35;3;105;Online;Portugal;Lisboa
1717;21/01/2025 21:04;Merchandising;Garrafa;Equipamento;35;3;105;Online;Portugal;Braga
1825;25/02/2025 12:31;Merchandising;Bola Street;Equipamento;35;3;105;Online;Portugal;Aveiro
1843;26/04/2025 21:43;Merchandising;Garrafa;Equipamento;35;3;105;Desconhecido;Portugal;Porto
1864;20/03/2025 22:48;Merchandising;Garrafa;Equipamento;35;3;105;Loja FĒsica;Portugal;Coimbra
1926;04/03/2025 09:50;Merchandising;Mochila;Equipamento;35;3;105;Online;Portugal;Aveiro
1972;02/01/2025 17:37;Merchandising;Mochila;Equipamento;35;3;105;Loja FĒsica;Portugal;Porto
1994;08/02/2025 20:52;Merchandising;Bola Street;Equipamento;35;3;105;Bilheteira;Portugal;Porto
1011;29/01/2025 11:32;Merchandising;Garrafa;Equipamento;40;3;120;Online;Portugal;Lisboa
1067;13/02/2025 21:56;Merchandising;Bola Street;Equipamento;40;3;120;Bilheteira;Portugal;Braga
1132;25/01/2025 10:54;Merchandising;Bola Pro;Equipamento;40;3;120;Desconhecido;Portugal;Porto
1360;14/01/2025 12:33;Merchandising;Bola Pro;Equipamento;40;3;120;Bilheteira;Portugal;Braga
1592;15/01/2025 10:33;Merchandising;Mochila;Equipamento;40;3;120;Online;Portugal;Lisboa
1689;12/01/2025 18:00;Merchandising;Mochila;Equipamento;40;3;120;Loja FĒsica;Portugal;Braga
1725;24/03/2025 12:11;Merchandising;Bola Pro;Equipamento;40;3;120;Online;Portugal;Braga
1773;01/05/2025 21:36;Merchandising;Mochila;Equipamento;40;3;120;Online;Portugal;Aveiro
1789;07/01/2025 13:18;Merchandising;Mochila;Equipamento;40;3;120;Desconhecido;Portugal;Lisboa
1860;19/03/2025 19:51;Merchandising;Bola Street;Equipamento;40;3;120;Loja FĒsica;Portugal;Lisboa
1876;26/04/2025 19:38;Merchandising;Garrafa;Equipamento;40;3;120;Bilheteira;Portugal;Lisboa
1881;14/03/2025 09:35;Merchandising;Bola Street;Equipamento;40;3;120;Online;Portugal;Aveiro
1960;01/01/2025 15:12;Merchandising;Garrafa;Equipamento;40;3;120;Online;Portugal;Aveiro
1118;17/03/2025 13:40;Merchandising;Camisola Oficial;Roupa;49;3;147;Loja FĒsica;Portugal;Coimbra
1128;25/03/2025 15:07;Merchandising;Camisola Oficial;Roupa;49;3;147;Online;Portugal;Lisboa
1194;29/04/2025 21:33;Merchandising;Bonķ;Roupa;49;3;147;Online;Portugal;Braga
1261;05/02/2025 09:35;Merchandising;Calń§es;Roupa;49;3;147;Loja FĒsica;Portugal;Porto
1298;15/04/2025 21:25;Merchandising;Camisola Treino;Roupa;49;3;147;Online;Portugal;Aveiro
1316;18/01/2025 11:20;Merchandising;Calń§es;Roupa;49;3;147;Loja FĒsica;Portugal;Lisboa
1376;03/03/2025 17:50;Merchandising;Camisola Oficial;Roupa;49;3;147;Bilheteira;Portugal;Aveiro
1385;23/01/2025 20:35;Merchandising;Bonķ;Roupa;49;3;147;Loja FĒsica;Portugal;Coimbra
1386;04/04/2025 20:18;Merchandising;Calń§es;Roupa;49;3;147;Online;Portugal;Lisboa
1580;30/04/2025 14:10;Merchandising;Bonķ;Roupa;49;3;147;Loja FĒsica;Portugal;Lisboa
1642;27/02/2025 09:11;Merchandising;Bonķ;Roupa;49;3;147;Loja FĒsica;Portugal;Porto
1829;21/03/2025 17:29;Merchandising;Bonķ;Roupa;49;3;147;Loja FĒsica;Portugal;Porto
1845;23/04/2025 21:49;Merchandising;Calń§es;Roupa;49;3;147;Bilheteira;Portugal;Lisboa
1997;12/04/2025 10:20;Merchandising;Bonķ;Roupa;49;3;147;Bilheteira;Portugal;Braga
1080;29/01/2025 15:44;Evento;Clinic Jovem;FormańŃo;50;3;150;Bilheteira;Portugal;Aveiro
1246;17/02/2025 18:14;Evento;Workshop Treinadores;FormańŃo;50;3;150;Online;Portugal;Braga
1262;01/05/2025 19:42;Evento;Workshop Arbitragem;FormańŃo;50;3;150;Loja FĒsica;Portugal;Coimbra
1313;15/02/2025 22:29;Evento;Workshop Arbitragem;FormańŃo;50;3;150;Online;Portugal;Coimbra
1335;15/04/2025 10:55;Evento;Clinic Jovem;FormańŃo;50;3;150;Loja FĒsica;Portugal;Porto
1532;29/01/2025 14:05;Evento;Clinic Jovem;FormańŃo;50;3;150;Desconhecido;Portugal;Braga
1658;14/02/2025 17:51;Evento;Workshop Arbitragem;FormańŃo;50;3;150;Online;Portugal;Lisboa
1665;01/04/2025 22:20;Evento;Clinic Lanńamento;FormańŃo;50;3;150;Online;Portugal;Coimbra
1718;15/04/2025 13:11;Evento;Workshop Treinadores;FormańŃo;50;3;150;Online;Portugal;Braga
1765;25/01/2025 10:01;Evento;Workshop Arbitragem;FormańŃo;50;3;150;Loja FĒsica;Portugal;Desconhecido
1871;20/01/2025 09:05;Evento;Workshop Treinadores;FormańŃo;50;3;150;Loja FĒsica;Portugal;Braga
1872;06/01/2025 19:39;Evento;Workshop Treinadores;FormańŃo;50;3;150;Bilheteira;Portugal;Aveiro
1919;08/03/2025 18:12;Evento;Clinic Lanńamento;FormańŃo;50;3;150;Bilheteira;Portugal;Lisboa
1224;30/04/2025 18:20;Evento;Clinic Lanńamento;FormańŃo;60;3;180;Bilheteira;Portugal;Aveiro
1231;13/03/2025 13:14;Evento;Clinic Lanńamento;FormańŃo;60;3;180;Bilheteira;Portugal;Porto
1263;18/02/2025 11:48;Evento;Workshop Arbitragem;FormańŃo;60;3;180;Bilheteira;Portugal;Porto
1300;31/01/2025 13:42;Evento;Workshop Arbitragem;FormańŃo;60;3;180;Loja FĒsica;Portugal;Braga
1332;21/01/2025 22:59;Evento;Clinic Lanńamento;FormańŃo;60;3;180;Online;Portugal;Coimbra
1401;14/03/2025 09:09;Evento;Workshop Treinadores;FormańŃo;60;3;180;Loja FĒsica;Portugal;Lisboa
1572;11/01/2025 15:40;Evento;Workshop Arbitragem;FormańŃo;60;3;180;Loja FĒsica;Portugal;Aveiro
1705;11/04/2025 20:15;Evento;Workshop Treinadores;FormańŃo;60;3;180;Online;Portugal;Aveiro
1767;22/01/2025 21:16;Evento;Workshop Treinadores;FormańŃo;60;3;180;Bilheteira;Portugal;Coimbra
1817;02/04/2025 15:31;Evento;Workshop Arbitragem;FormańŃo;60;3;180;Loja FĒsica;Portugal;Braga
1831;01/03/2025 11:15;Evento;Clinic Jovem;FormańŃo;60;3;180;Loja FĒsica;Portugal;Coimbra
1841;23/04/2025 21:59;Evento;Workshop Arbitragem;FormańŃo;60;3;180;Bilheteira;Portugal;Braga
1898;30/03/2025 20:05;Evento;Clinic Lanńamento;FormańŃo;60;3;180;Bilheteira;Portugal;Porto
1930;12/01/2025 21:39;Evento;Workshop Arbitragem;FormańŃo;60;3;180;Desconhecido;Portugal;Braga
1201;01/04/2025 16:13;Evento;Clinic Jovem;FormańŃo;70;3;210;Bilheteira;Portugal;Braga
1549;20/03/2025 22:16;Evento;Clinic Jovem;FormańŃo;70;3;210;Loja FĒsica;Portugal;Coimbra
1643;30/03/2025 19:58;Evento;Clinic Jovem;FormańŃo;70;3;210;Online;Portugal;Lisboa
1677;15/04/2025 12:45;Evento;Workshop Treinadores;FormańŃo;70;3;210;Loja FĒsica;Portugal;Lisboa
1681;19/03/2025 18:08;Evento;Clinic Lanńamento;FormańŃo;70;3;210;Online;Portugal;Desconhecido
1711;04/02/2025 21:06;Evento;Workshop Treinadores;FormańŃo;70;3;210;Loja FĒsica;Portugal;Aveiro
1902;09/04/2025 09:49;Evento;Workshop Treinadores;FormańŃo;70;3;210;Bilheteira;Portugal;Porto
1927;28/01/2025 11:52;Evento;Clinic Jovem;FormańŃo;70;3;210;Bilheteira;Portugal;Lisboa
1989;12/03/2025 10:08;Evento;Clinic Lanńamento;FormańŃo;70;3;210;Bilheteira;Portugal;Braga
1095;06/03/2025 17:31;Evento;Workshop Treinadores;FormańŃo;80;3;240;Online;Portugal;Aveiro
1117;27/03/2025 09:57;Evento;Workshop Treinadores;FormańŃo;80;3;240;Bilheteira;Portugal;Aveiro
1232;13/03/2025 21:46;Evento;Workshop Treinadores;FormańŃo;80;3;240;Bilheteira;Portugal;Lisboa
1296;25/02/2025 22:52;Evento;Workshop Treinadores;FormańŃo;80;3;240;Loja FĒsica;Portugal;Porto
1356;10/04/2025 22:19;Evento;Clinic Jovem;FormańŃo;80;3;240;Online;Portugal;Aveiro
1366;20/04/2025 10:05;Evento;Workshop Treinadores;FormańŃo;80;3;240;Desconhecido;Portugal;Coimbra
1403;11/01/2025 15:57;Evento;Clinic Lanńamento;FormańŃo;80;3;240;Online;Portugal;Aveiro
1477;12/03/2025 09:00;Evento;Workshop Arbitragem;FormańŃo;80;3;240;Bilheteira;Portugal;Porto
1561;06/04/2025 18:33;Evento;Workshop Treinadores;FormańŃo;80;3;240;Bilheteira;Portugal;Porto
1685;13/03/2025 10:52;Evento;Clinic Jovem;FormańŃo;80;3;240;Online;Portugal;Coimbra
1696;29/01/2025 11:27;Evento;Workshop Arbitragem;FormańŃo;80;3;240;Online;Portugal;Aveiro
1777;19/03/2025 18:32;Evento;Clinic Lanńamento;FormańŃo;80;3;240;Loja FĒsica;Portugal;Coimbra
1778;19/02/2025 14:00;Evento;Clinic Lanńamento;FormańŃo;80;3;240;Bilheteira;Portugal;Coimbra
1874;23/01/2025 12:49;Evento;Clinic Jovem;FormańŃo;80;3;240;Online;Portugal;Lisboa
1878;20/03/2025 11:27;Evento;Clinic Jovem;FormańŃo;80;3;240;Bilheteira;Portugal;Lisboa
1931;11/03/2025 09:42;Evento;Clinic Lanńamento;FormańŃo;80;3;240;Loja FĒsica;Portugal;Coimbra
1987;16/03/2025 15:40;Evento;Workshop Arbitragem;FormańŃo;80;3;240;Loja FĒsica;Portugal;Lisboa
1034;21/03/2025 18:06;Merchandising;Bola Pro;Equipamento;12;4;48;Loja FĒsica;Portugal;Porto
1044;22/04/2025 09:54;Merchandising;Bola Street;Equipamento;12;4;48;Online;Portugal;Porto
1424;09/01/2025 14:17;Merchandising;Mochila;Equipamento;12;4;48;Bilheteira;Portugal;Coimbra
1426;07/02/2025 13:58;Merchandising;Bola Street;Equipamento;12;4;48;Desconhecido;Portugal;Braga
1433;12/02/2025 19:11;Merchandising;Bola Street;Equipamento;12;4;48;Loja FĒsica;Portugal;Lisboa
1445;26/01/2025 18:12;Merchandising;Bola Pro;Equipamento;12;4;48;Loja FĒsica;Portugal;Porto
1452;21/02/2025 16:17;Merchandising;Bola Street;Equipamento;12;4;48;Desconhecido;Portugal;Braga
1486;02/02/2025 17:46;Merchandising;Garrafa;Equipamento;12;4;48;Online;Portugal;Aveiro
1570;07/04/2025 16:19;Merchandising;Garrafa;Equipamento;12;4;48;Bilheteira;Portugal;Coimbra
1963;31/01/2025 14:53;Merchandising;Bola Street;Equipamento;12;4;48;Bilheteira;Portugal;Aveiro
1990;07/03/2025 18:21;Merchandising;Bola Street;Equipamento;12;4;48;Bilheteira;Portugal;Braga
1091;27/02/2025 20:38;Bilhete;Bilhete Jogo Tańa;Bilhetes;15;4;60;Bilheteira;Portugal;Lisboa
1222;17/02/2025 21:21;Bilhete;Bilhete Jogo Tańa;Bilhetes;15;4;60;Bilheteira;Portugal;Porto
1348;20/03/2025 18:03;Bilhete;Bilhete Jogo Feminino;Bilhetes;15;4;60;Loja FĒsica;Portugal;Porto
1407;20/01/2025 11:36;Bilhete;Bilhete Jogo Feminino;Bilhetes;15;4;60;Loja FĒsica;Portugal;Lisboa
1441;23/04/2025 19:16;Bilhete;Bilhete Derby;Bilhetes;15;4;60;Loja FĒsica;Portugal;Lisboa
1729;16/01/2025 12:51;Bilhete;Bilhete Derby;Bilhetes;15;4;60;Loja FĒsica;Portugal;Aveiro
1962;25/02/2025 21:01;Bilhete;Bilhete Jogo Liga;Bilhetes;15;4;60;Loja FĒsica;Portugal;Coimbra
1968;08/03/2025 14:37;Bilhete;Bilhete Derby;Bilhetes;15;4;60;Desconhecido;Portugal;Lisboa
1973;14/02/2025 12:12;Bilhete;Bilhete Jogo Tańa;Bilhetes;15;4;60;Online;Portugal;Lisboa
1012;18/03/2025 10:24;Bilhete;Bilhete Jogo Tańa;Bilhetes;18;4;72;Loja FĒsica;Portugal;Braga
1017;15/04/2025 10:48;Merchandising;Camisola Oficial;Roupa;18;4;72;Online;Portugal;Desconhecido
1032;26/03/2025 18:36;Merchandising;Camisola Oficial;Roupa;18;4;72;Bilheteira;Portugal;Desconhecido
1175;16/02/2025 19:46;Merchandising;Bonķ;Roupa;18;4;72;Bilheteira;Portugal;Aveiro
1178;22/04/2025 14:35;Merchandising;Camisola Treino;Roupa;18;4;72;Loja FĒsica;Portugal;Aveiro
1215;16/01/2025 13:28;Bilhete;Bilhete Derby;Bilhetes;18;4;72;Online;Portugal;Lisboa
1299;01/05/2025 20:13;Merchandising;Calń§es;Roupa;18;4;72;Bilheteira;Portugal;Lisboa
1305;14/01/2025 13:26;Merchandising;Camisola Treino;Roupa;18;4;72;Online;Portugal;Porto
1338;14/02/2025 20:13;Bilhete;Bilhete Jogo Liga;Bilhetes;18;4;72;Loja FĒsica;Portugal;Porto
1359;04/01/2025 12:34;Merchandising;Calń§es;Roupa;18;4;72;Loja FĒsica;Portugal;Lisboa
1444;17/04/2025 10:32;Bilhete;Bilhete Derby;Bilhetes;18;4;72;Loja FĒsica;Portugal;Lisboa
1462;13/02/2025 14:52;Bilhete;Bilhete Derby;Bilhetes;18;4;72;Online;Portugal;Braga
1587;01/04/2025 16:35;Merchandising;Camisola Treino;Roupa;18;4;72;Loja FĒsica;Portugal;Braga
1595;13/04/2025 19:03;Merchandising;Bonķ;Roupa;18;4;72;Loja FĒsica;Portugal;Braga
1604;15/02/2025 11:08;Merchandising;Camisola Oficial;Roupa;18;4;72;Bilheteira;Portugal;Aveiro
1635;08/04/2025 09:59;Merchandising;Calń§es;Roupa;18;4;72;Bilheteira;Portugal;Porto
1708;21/02/2025 16:19;Bilhete;Bilhete Jogo Liga;Bilhetes;18;4;72;Loja FĒsica;Portugal;Aveiro
1740;09/04/2025 19:42;Bilhete;Bilhete Derby;Bilhetes;18;4;72;Bilheteira;Portugal;Lisboa
1755;01/03/2025 21:08;Merchandising;Bonķ;Roupa;18;4;72;Bilheteira;Portugal;Porto
1793;28/02/2025 10:07;Merchandising;Calń§es;Roupa;18;4;72;Online;Portugal;Braga
1808;21/02/2025 20:37;Bilhete;Bilhete Jogo Liga;Bilhetes;18;4;72;Loja FĒsica;Portugal;Porto
1952;17/02/2025 12:28;Merchandising;Camisola Oficial;Roupa;18;4;72;Online;Portugal;Lisboa
1976;21/03/2025 12:15;Bilhete;Bilhete Jogo Tańa;Bilhetes;18;4;72;Loja FĒsica;Portugal;Coimbra
1996;30/01/2025 12:46;Bilhete;Bilhete Jogo Feminino;Bilhetes;18;4;72;Online;Portugal;Braga
1006;23/03/2025 22:23;Bilhete;Bilhete Jogo Feminino;Bilhetes;22;4;88;Bilheteira;Portugal;Coimbra
1014;01/01/2025 20:56;Merchandising;Garrafa;Equipamento;22;4;88;Bilheteira;Portugal;Aveiro
1086;03/03/2025 16:21;Bilhete;Bilhete Jogo Liga;Bilhetes;22;4;88;Online;Portugal;Coimbra
1107;10/03/2025 16:22;Merchandising;Garrafa;Equipamento;22;4;88;Loja FĒsica;Portugal;Aveiro
1143;09/01/2025 10:53;Merchandising;Mochila;Equipamento;22;4;88;Online;Portugal;Braga
1163;09/01/2025 16:28;Merchandising;Mochila;Equipamento;22;4;88;Bilheteira;Portugal;Coimbra
1217;07/03/2025 16:31;Merchandising;Bola Street;Equipamento;22;4;88;Bilheteira;Portugal;Lisboa
1297;10/02/2025 11:25;Merchandising;Mochila;Equipamento;22;4;88;Bilheteira;Portugal;Braga
1303;14/01/2025 09:06;Bilhete;Bilhete Jogo Feminino;Bilhetes;22;4;88;Online;Portugal;Aveiro
1337;10/04/2025 22:48;Merchandising;Mochila;Equipamento;22;4;88;Loja FĒsica;Portugal;Porto
1342;19/02/2025 10:15;Merchandising;Bola Pro;Equipamento;22;4;88;Loja FĒsica;Portugal;Aveiro
1417;18/03/2025 16:11;Bilhete;Bilhete Jogo Tańa;Bilhetes;22;4;88;Loja FĒsica;Portugal;Aveiro
1485;31/01/2025 19:39;Bilhete;Bilhete Jogo Liga;Bilhetes;22;4;88;Online;Portugal;Lisboa
1500;27/02/2025 14:39;Bilhete;Bilhete Jogo Tańa;Bilhetes;22;4;88;Bilheteira;Portugal;Aveiro
1509;30/01/2025 10:16;Merchandising;Bola Pro;Equipamento;22;4;88;Online;Portugal;Lisboa
1528;12/03/2025 21:35;Merchandising;Garrafa;Equipamento;22;4;88;Online;Portugal;Coimbra
1539;18/02/2025 18:30;Bilhete;Bilhete Derby;Bilhetes;22;4;88;Bilheteira;Portugal;Braga
1543;05/04/2025 12:15;Merchandising;Bola Street;Equipamento;22;4;88;Online;Portugal;Coimbra
1601;09/04/2025 17:59;Merchandising;Bola Street;Equipamento;22;4;88;Bilheteira;Portugal;Coimbra
1606;16/04/2025 20:44;Merchandising;Garrafa;Equipamento;22;4;88;Online;Portugal;Aveiro
1655;19/03/2025 22:20;Bilhete;Bilhete Jogo Feminino;Bilhetes;22;4;88;Loja FĒsica;Portugal;Aveiro
1660;03/04/2025 18:39;Bilhete;Bilhete Derby;Bilhetes;22;4;88;Online;Portugal;Porto
1739;01/01/2025 17:15;Bilhete;Bilhete Derby;Bilhetes;22;4;88;Online;Portugal;Aveiro
1742;02/02/2025 14:39;Merchandising;Mochila;Equipamento;22;4;88;Online;Portugal;Lisboa
1788;23/04/2025 20:08;Bilhete;Bilhete Jogo Tańa;Bilhetes;22;4;88;Online;Portugal;Lisboa
1901;15/01/2025 18:14;Bilhete;Bilhete Jogo Liga;Bilhetes;22;4;88;Loja FĒsica;Portugal;Porto
1938;28/03/2025 11:03;Bilhete;Bilhete Jogo Tańa;Bilhetes;22;4;88;Bilheteira;Portugal;Porto
1939;13/01/2025 14:09;Bilhete;Bilhete Jogo Liga;Bilhetes;22;4;88;Bilheteira;Portugal;Coimbra
1043;04/01/2025 11:47;Merchandising;Calń§es;Roupa;25;4;100;Bilheteira;Portugal;Porto
1002;17/03/2025 13:51;Merchandising;Bonķ;Roupa;25;4;100;Online;Portugal;Braga
1079;13/03/2025 21:15;Bilhete;Bilhete Jogo Tańa;Bilhetes;25;4;100;Bilheteira;Portugal;Braga
1083;05/02/2025 20:37;Merchandising;Calń§es;Roupa;25;4;100;Loja FĒsica;Portugal;Coimbra
1109;19/02/2025 19:50;Bilhete;Bilhete Derby;Bilhetes;25;4;100;Online;Portugal;Braga
1137;10/04/2025 14:32;Bilhete;Bilhete Jogo Liga;Bilhetes;25;4;100;Online;Portugal;Braga
1150;28/02/2025 14:10;Bilhete;Bilhete Jogo Tańa;Bilhetes;25;4;100;Bilheteira;Portugal;Coimbra
1162;01/03/2025 21:36;Merchandising;Camisola Oficial;Roupa;25;4;100;Bilheteira;Portugal;Aveiro
1165;16/03/2025 17:50;Bilhete;Bilhete Jogo Liga;Bilhetes;25;4;100;Online;Portugal;Braga
1167;26/02/2025 17:33;Merchandising;Camisola Oficial;Roupa;25;4;100;Online;Portugal;Coimbra
1264;28/04/2025 09:35;Merchandising;Camisola Treino;Roupa;25;4;100;Bilheteira;Portugal;Aveiro
1295;14/01/2025 11:19;Merchandising;Bonķ;Roupa;25;4;100;Bilheteira;Portugal;Coimbra
1326;04/03/2025 11:36;Merchandising;Camisola Treino;Roupa;25;4;100;Bilheteira;Portugal;Braga
1365;10/02/2025 15:07;Bilhete;Bilhete Jogo Tańa;Bilhetes;25;4;100;Bilheteira;Portugal;Porto
1370;17/02/2025 19:40;Merchandising;Calń§es;Roupa;25;4;100;Online;Portugal;Aveiro
1435;21/02/2025 15:30;Bilhete;Bilhete Jogo Tańa;Bilhetes;25;4;100;Online;Portugal;Lisboa
1458;22/04/2025 11:04;Bilhete;Bilhete Jogo Tańa;Bilhetes;25;4;100;Bilheteira;Portugal;Porto
1719;14/01/2025 11:34;Merchandising;Bonķ;Roupa;25;4;100;Online;Portugal;Aveiro
1737;30/03/2025 11:13;Bilhete;Bilhete Derby;Bilhetes;25;4;100;Loja FĒsica;Portugal;Coimbra
1741;05/03/2025 11:10;Merchandising;Camisola Oficial;Roupa;25;4;100;Online;Portugal;Lisboa
1745;25/04/2025 12:04;Merchandising;Bonķ;Roupa;25;4;100;Loja FĒsica;Portugal;Braga
1814;26/01/2025 13:42;Bilhete;Bilhete Jogo Liga;Bilhetes;25;4;100;Bilheteira;Portugal;Aveiro
1833;31/01/2025 10:09;Merchandising;Camisola Treino;Roupa;25;4;100;Online;Portugal;Porto
1880;11/01/2025 21:30;Bilhete;Bilhete Derby;Bilhetes;25;4;100;Online;Portugal;Porto
1903;18/04/2025 21:07;Bilhete;Bilhete Jogo Liga;Bilhetes;25;4;100;Loja FĒsica;Portugal;Aveiro
1911;24/04/2025 19:44;Bilhete;Bilhete Derby;Bilhetes;25;4;100;Bilheteira;Portugal;Coimbra
1955;15/01/2025 22:17;Merchandising;Camisola Oficial;Roupa;25;4;100;Loja FĒsica;Portugal;Desconhecido
1988;21/04/2025 12:25;Merchandising;Calń§es;Roupa;25;4;100;Bilheteira;Portugal;Desconhecido
1058;20/03/2025 22:46;Merchandising;Bonķ;Roupa;29;4;116;Bilheteira;Portugal;Aveiro
1092;10/01/2025 19:14;Merchandising;Camisola Treino;Roupa;29;4;116;Loja FĒsica;Portugal;Aveiro
1106;13/02/2025 21:32;Merchandising;Camisola Oficial;Roupa;29;4;116;Online;Portugal;Coimbra
1138;24/03/2025 09:03;Merchandising;Camisola Oficial;Roupa;29;4;116;Bilheteira;Portugal;Braga
1140;18/03/2025 17:18;Merchandising;Camisola Treino;Roupa;29;4;116;Loja FĒsica;Portugal;Aveiro
1247;31/03/2025 17:58;Merchandising;Bonķ;Roupa;29;4;116;Loja FĒsica;Portugal;Porto
1294;08/02/2025 16:50;Merchandising;Bonķ;Roupa;29;4;116;Bilheteira;Portugal;Coimbra
1304;01/03/2025 21:43;Merchandising;Bonķ;Roupa;29;4;116;Loja FĒsica;Portugal;Aveiro
1412;10/04/2025 22:20;Merchandising;Calń§es;Roupa;29;4;116;Loja FĒsica;Portugal;Braga
1451;21/03/2025 13:56;Merchandising;Camisola Treino;Roupa;29;4;116;Online;Portugal;Coimbra
1457;20/01/2025 22:52;Merchandising;Bonķ;Roupa;29;4;116;Loja FĒsica;Portugal;Lisboa
1475;14/01/2025 18:55;Merchandising;Camisola Oficial;Roupa;29;4;116;Loja FĒsica;Portugal;Aveiro
1501;22/01/2025 09:20;Merchandising;Camisola Treino;Roupa;29;4;116;Online;Portugal;Braga
1586;04/04/2025 12:01;Merchandising;Camisola Treino;Roupa;29;4;116;Bilheteira;Portugal;Coimbra
1625;20/02/2025 20:10;Merchandising;Camisola Treino;Roupa;29;4;116;Bilheteira;Portugal;Coimbra
1693;20/01/2025 13:55;Merchandising;Bonķ;Roupa;29;4;116;Online;Portugal;Porto
1733;11/02/2025 10:43;Merchandising;Bonķ;Roupa;29;4;116;Loja FĒsica;Portugal;Porto
1751;16/03/2025 12:57;Merchandising;Calń§es;Roupa;29;4;116;Online;Portugal;Aveiro
1764;29/03/2025 17:59;Merchandising;Camisola Oficial;Roupa;29;4;116;Bilheteira;Portugal;Coimbra
1850;03/03/2025 22:47;Merchandising;Bonķ;Roupa;29;4;116;Bilheteira;Portugal;Porto
1019;26/04/2025 17:28;Merchandising;Garrafa;Equipamento;35;4;140;Online;Portugal;Porto
1028;31/03/2025 20:50;Merchandising;Garrafa;Equipamento;35;4;140;Loja FĒsica;Portugal;Braga
1051;31/03/2025 13:35;Merchandising;Garrafa;Equipamento;35;4;140;Online;Portugal;Braga
1081;06/04/2025 17:21;Merchandising;Garrafa;Equipamento;35;4;140;Loja FĒsica;Portugal;Braga
1279;11/01/2025 14:25;Merchandising;Mochila;Equipamento;35;4;140;Loja FĒsica;Portugal;Porto
1306;11/04/2025 12:33;Merchandising;Mochila;Equipamento;35;4;140;Bilheteira;Portugal;Braga
1384;17/03/2025 10:21;Merchandising;Bola Pro;Equipamento;35;4;140;Bilheteira;Portugal;Porto
1430;19/04/2025 10:30;Merchandising;Mochila;Equipamento;35;4;140;Loja FĒsica;Portugal;Aveiro
1463;15/01/2025 10:48;Merchandising;Garrafa;Equipamento;35;4;140;Online;Portugal;Lisboa
1512;27/04/2025 12:33;Merchandising;Bola Pro;Equipamento;35;4;140;Bilheteira;Portugal;Coimbra
1573;25/01/2025 22:04;Merchandising;Mochila;Equipamento;35;4;140;Online;Portugal;Coimbra
1664;22/03/2025 17:53;Merchandising;Bola Pro;Equipamento;35;4;140;Loja FĒsica;Portugal;Aveiro
1722;15/03/2025 09:32;Merchandising;Bola Street;Equipamento;35;4;140;Bilheteira;Portugal;Braga
1724;08/01/2025 19:41;Merchandising;Mochila;Roupa;35;4;140;Bilheteira;Portugal;Aveiro
1771;11/03/2025 11:34;Merchandising;Bola Street;Equipamento;35;4;140;Online;Portugal;Lisboa
1948;04/02/2025 12:42;Merchandising;Mochila;Equipamento;35;4;140;Bilheteira;Portugal;Porto
1131;31/01/2025 22:23;Merchandising;Bola Street;Equipamento;40;4;160;Loja FĒsica;Portugal;Coimbra
1168;10/04/2025 14:43;Merchandising;Mochila;Equipamento;40;4;160;Online;Portugal;Coimbra
1190;22/03/2025 11:51;Merchandising;Bola Street;Equipamento;40;4;160;Online;Portugal;Braga
1254;18/02/2025 10:43;Merchandising;Garrafa;Equipamento;40;4;160;Loja FĒsica;Portugal;Porto
1273;28/02/2025 11:46;Merchandising;Mochila;Equipamento;40;4;160;Online;Portugal;Porto
1399;25/04/2025 19:16;Merchandising;Garrafa;Equipamento;40;4;160;Loja FĒsica;Portugal;Aveiro
1558;24/04/2025 10:24;Merchandising;Mochila;Equipamento;40;4;160;Bilheteira;Portugal;Braga
1661;13/04/2025 09:41;Merchandising;Mochila;Equipamento;40;4;160;Bilheteira;Portugal;Porto
1680;04/01/2025 10:30;Merchandising;Mochila;Equipamento;40;4;160;Bilheteira;Portugal;Braga
1792;13/02/2025 11:06;Merchandising;Mochila;Equipamento;40;4;160;Online;Portugal;Aveiro
1846;05/04/2025 15:59;Merchandising;Bola Pro;Equipamento;40;4;160;Loja FĒsica;Portugal;Braga
1877;24/04/2025 15:30;Merchandising;Bola Street;Equipamento;40;4;160;Loja FĒsica;Portugal;Desconhecido
1974;18/03/2025 20:21;Merchandising;Bola Street;Equipamento;40;4;160;Loja FĒsica;Portugal;Coimbra
1056;01/02/2025 11:41;Merchandising;Bonķ;Roupa;49;4;196;Online;Portugal;Lisboa
1089;08/02/2025 22:37;Merchandising;Bonķ;Roupa;49;4;196;Bilheteira;Portugal;Aveiro
1099;06/02/2025 19:25;Merchandising;Camisola Treino;Roupa;49;4;196;Online;Portugal;Braga
1237;25/03/2025 12:48;Merchandising;Bonķ;Roupa;49;4;196;Bilheteira;Portugal;Coimbra
1239;24/01/2025 20:55;Merchandising;Camisola Oficial;Roupa;49;4;196;Online;Portugal;Lisboa
1259;30/01/2025 17:13;Merchandising;Camisola Oficial;Roupa;49;4;196;Online;Portugal;Aveiro
1491;27/02/2025 19:25;Merchandising;Camisola Treino;Roupa;49;4;196;Bilheteira;Portugal;Lisboa
1510;28/04/2025 16:56;Merchandising;Camisola Treino;Roupa;49;4;196;Online;Portugal;Coimbra
1547;01/05/2025 17:02;Merchandising;Camisola Oficial;Roupa;49;4;196;Bilheteira;Portugal;Braga
1610;07/04/2025 18:36;Merchandising;Camisola Oficial;Roupa;49;4;196;Online;Portugal;Porto
1683;09/01/2025 14:13;Merchandising;Calń§es;Roupa;49;4;196;Loja FĒsica;Portugal;Braga
1709;03/02/2025 11:33;Merchandising;Bonķ;Roupa;49;4;196;Online;Portugal;Coimbra
1875;06/02/2025 19:48;Merchandising;Calń§es;Roupa;49;4;196;Online;Portugal;Lisboa
1943;11/01/2025 22:40;Merchandising;Camisola Treino;Roupa;49;4;196;Online;Portugal;Porto
1950;10/03/2025 10:50;Merchandising;Bonķ;Roupa;49;4;196;Loja FĒsica;Portugal;Lisboa
1077;19/04/2025 14:11;Evento;Workshop Treinadores;FormańŃo;50;4;200;Online;Portugal;Coimbra
1087;04/03/2025 10:36;Evento;Clinic Jovem;FormańŃo;50;4;200;Loja FĒsica;Portugal;Lisboa
1098;14/02/2025 15:21;Evento;Workshop Arbitragem;FormańŃo;50;4;200;Desconhecido;Portugal;Lisboa
1185;18/03/2025 17:01;Evento;Clinic Jovem;FormańŃo;50;4;200;Loja FĒsica;Portugal;Aveiro
1188;17/02/2025 13:47;Evento;Workshop Arbitragem;FormańŃo;50;4;200;Bilheteira;Portugal;Lisboa
1270;08/04/2025 22:20;Evento;Workshop Arbitragem;FormańŃo;50;4;200;Bilheteira;Portugal;Coimbra
1455;26/02/2025 09:04;Evento;Workshop Arbitragem;FormańŃo;50;4;200;Loja FĒsica;Portugal;Coimbra
1515;28/03/2025 16:30;Evento;Workshop Treinadores;FormańŃo;50;4;200;Loja FĒsica;Portugal;Porto
1612;06/03/2025 15:49;Evento;Workshop Treinadores;FormańŃo;50;4;200;Online;Portugal;Porto
1622;26/03/2025 13:42;Evento;Clinic Jovem;FormańŃo;50;4;200;Bilheteira;Portugal;Lisboa
1638;28/02/2025 22:56;Evento;Clinic Jovem;FormańŃo;50;4;200;Online;Portugal;Aveiro
1678;13/01/2025 16:19;Evento;Clinic Lanńamento;FormańŃo;50;4;200;Loja FĒsica;Portugal;Braga
1753;05/03/2025 12:05;Evento;Workshop Arbitragem;FormańŃo;50;4;200;Online;Portugal;Braga
1774;26/04/2025 09:08;Evento;Workshop Treinadores;FormańŃo;50;4;200;Loja FĒsica;Portugal;Lisboa
1823;17/03/2025 09:20;Evento;Workshop Treinadores;FormańŃo;50;4;200;Loja FĒsica;Portugal;Braga
1837;01/05/2025 22:46;Evento;Workshop Treinadores;FormańŃo;50;4;200;Online;Portugal;Lisboa
1840;10/03/2025 14:44;Evento;Workshop Treinadores;FormańŃo;50;4;200;Bilheteira;Portugal;Aveiro
1844;29/04/2025 13:19;Evento;Workshop Arbitragem;FormańŃo;50;4;200;Online;Portugal;Coimbra
1867;06/01/2025 16:22;Evento;Workshop Arbitragem;FormańŃo;50;4;200;Loja FĒsica;Portugal;Braga
1886;15/01/2025 09:10;Evento;Clinic Jovem;FormańŃo;50;4;200;Bilheteira;Portugal;Braga
1893;21/02/2025 16:32;Evento;Workshop Treinadores;FormańŃo;50;4;200;Loja FĒsica;Portugal;Aveiro
1917;13/02/2025 12:51;Evento;Workshop Treinadores;FormańŃo;50;4;200;Loja FĒsica;Portugal;Aveiro
1967;19/02/2025 16:50;Evento;Clinic Lanńamento;FormańŃo;50;4;200;Loja FĒsica;Portugal;Aveiro
1985;12/04/2025 19:39;Evento;Clinic Lanńamento;FormańŃo;50;4;200;Online;Portugal;Aveiro
1070;31/03/2025 13:49;Evento;Clinic Jovem;FormańŃo;60;4;240;Online;Portugal;Aveiro
1027;26/04/2025 09:10;Evento;Workshop Arbitragem;FormańŃo;60;4;240;Online;Portugal;Braga
1119;20/04/2025 16:06;Evento;Workshop Treinadores;FormańŃo;60;4;240;Bilheteira;Portugal;Aveiro
1199;17/02/2025 14:28;Evento;Clinic Jovem;FormańŃo;60;4;240;Loja FĒsica;Portugal;Porto
1309;22/03/2025 11:11;Evento;Workshop Arbitragem;FormańŃo;60;4;240;Loja FĒsica;Portugal;Braga
1310;17/03/2025 15:24;Evento;Clinic Jovem;FormańŃo;60;4;240;Loja FĒsica;Portugal;Porto
1336;12/01/2025 20:51;Evento;Clinic Jovem;FormańŃo;60;4;240;Online;Portugal;Coimbra
1520;19/02/2025 11:06;Evento;Clinic Jovem;FormańŃo;60;4;240;Online;Portugal;Aveiro
1772;29/04/2025 14:09;Evento;Workshop Arbitragem;FormańŃo;60;4;240;Loja FĒsica;Portugal;Aveiro
1025;01/02/2025 22:59;Evento;Clinic Lanńamento;FormańŃo;70;4;280;Bilheteira;Portugal;Aveiro
1052;12/03/2025 22:00;Evento;Clinic Lanńamento;FormańŃo;70;4;280;Bilheteira;Portugal;Porto
1060;10/01/2025 20:18;Evento;Clinic Lanńamento;FormańŃo;70;4;280;Bilheteira;Portugal;Coimbra
1177;06/03/2025 17:26;Evento;Workshop Arbitragem;FormańŃo;70;4;280;Online;Portugal;Aveiro
1292;19/02/2025 21:05;Evento;Clinic Jovem;FormańŃo;70;4;280;Loja FĒsica;Portugal;Porto
1400;17/02/2025 11:28;Evento;Clinic Lanńamento;FormańŃo;70;4;280;Bilheteira;Portugal;Braga
1422;02/02/2025 12:29;Evento;Workshop Arbitragem;FormańŃo;70;4;280;Loja FĒsica;Portugal;Aveiro
1551;05/02/2025 16:11;Evento;Workshop Treinadores;FormańŃo;70;4;280;Online;Portugal;Aveiro
1568;11/03/2025 12:51;Evento;Workshop Treinadores;FormańŃo;70;4;280;Bilheteira;Portugal;Coimbra
1640;22/01/2025 15:18;Evento;Workshop Treinadores;FormańŃo;70;4;280;Online;Portugal;Desconhecido
1697;29/04/2025 17:36;Evento;Clinic Lanńamento;FormańŃo;70;4;280;Online;Portugal;Lisboa
1766;17/03/2025 19:44;Evento;Workshop Treinadores;FormańŃo;70;4;280;Loja FĒsica;Portugal;Braga
1865;08/04/2025 11:35;Evento;Clinic Lanńamento;FormańŃo;70;4;280;Loja FĒsica;Portugal;Braga
1991;10/02/2025 13:24;Evento;Workshop Arbitragem;FormańŃo;70;4;280;Online;Portugal;Braga
1053;26/02/2025 19:13;Evento;Workshop Treinadores;FormańŃo;80;4;320;Bilheteira;Portugal;Porto
1059;03/02/2025 21:15;Evento;Clinic Lanńamento;FormańŃo;80;4;320;Bilheteira;Portugal;Desconhecido
1063;01/01/2025 14:19;Evento;Clinic Jovem;FormańŃo;80;4;320;Bilheteira;Portugal;Aveiro
1142;23/02/2025 20:06;Evento;Workshop Treinadores;FormańŃo;80;4;320;Bilheteira;Portugal;Coimbra
1318;04/03/2025 11:05;Evento;Workshop Arbitragem;FormańŃo;80;4;320;Online;Portugal;Porto
1613;25/03/2025 18:12;Evento;Clinic Lanńamento;FormańŃo;80;4;320;Loja FĒsica;Portugal;Aveiro
1637;10/04/2025 09:38;Evento;Clinic Lanńamento;FormańŃo;80;4;320;Bilheteira;Portugal;Coimbra
1662;29/04/2025 20:03;Evento;Workshop Treinadores;FormańŃo;80;4;320;Bilheteira;Portugal;Aveiro
1692;11/03/2025 12:42;Evento;Workshop Arbitragem;FormańŃo;80;4;320;Bilheteira;Portugal;Porto
1922;04/04/2025 15:52;Evento;Workshop Arbitragem;FormańŃo;80;4;320;Online;Portugal;Aveiro
1013;07/04/2025 13:49;Merchandising;Bola Pro;Equipamento;12;5;60;Bilheteira;Portugal;Lisboa
1189;05/04/2025 21:21;Merchandising;Bola Street;Equipamento;12;5;60;Online;Portugal;Coimbra
1203;11/03/2025 13:57;Merchandising;Mochila;Equipamento;12;5;60;Online;Portugal;Porto
1459;29/01/2025 17:41;Merchandising;Mochila;Equipamento;12;5;60;Bilheteira;Portugal;Porto
1699;24/04/2025 18:05;Merchandising;Garrafa;Equipamento;12;5;60;Bilheteira;Portugal;Lisboa
1734;23/01/2025 14:04;Merchandising;Bola Street;Equipamento;12;5;60;Bilheteira;Portugal;Desconhecido
1786;06/04/2025 14:37;Merchandising;Garrafa;Equipamento;12;5;60;Loja FĒsica;Portugal;Braga
1791;16/03/2025 14:52;Merchandising;Mochila;Equipamento;12;5;60;Online;Portugal;Porto
1842;05/01/2025 22:47;Merchandising;Mochila;Equipamento;12;5;60;Online;Portugal;Porto
1020;12/03/2025 12:37;Bilhete;Bilhete Derby;Bilhetes;15;5;75;Online;Portugal;Lisboa
1031;09/01/2025 19:55;Bilhete;Bilhete Jogo Tańa;Bilhetes;15;5;75;Bilheteira;Portugal;Lisboa
1049;29/04/2025 21:34;Bilhete;Bilhete Jogo Feminino;Bilhetes;15;5;75;Loja FĒsica;Portugal;Porto
1355;28/03/2025 09:11;Bilhete;Bilhete Derby;Bilhetes;15;5;75;Loja FĒsica;Portugal;Lisboa
1545;06/01/2025 22:30;Bilhete;Bilhete Jogo Feminino;Bilhetes;15;5;75;Loja FĒsica;Portugal;Coimbra
1801;28/01/2025 20:12;Bilhete;Bilhete Jogo Liga;Bilhetes;15;5;75;Online;Portugal;Aveiro
1932;22/03/2025 21:49;Bilhete;Bilhete Jogo Tańa;Bilhetes;15;5;75;Bilheteira;Portugal;Aveiro
1007;23/03/2025 11:34;Merchandising;Camisola Treino;Roupa;18;5;90;Online;Portugal;Porto
1093;29/01/2025 19:09;Merchandising;Bonķ;Roupa;18;5;90;Desconhecido;Portugal;Lisboa
1144;08/01/2025 18:35;Bilhete;Bilhete Derby;Bilhetes;18;5;90;Bilheteira;Portugal;Lisboa
1170;26/03/2025 11:58;Merchandising;Camisola Treino;Roupa;18;5;90;Bilheteira;Portugal;Braga
1174;18/02/2025 11:10;Bilhete;Bilhete Derby;Bilhetes;18;5;90;Loja FĒsica;Portugal;Aveiro
1195;07/02/2025 14:06;Bilhete;Bilhete Jogo Feminino;Bilhetes;18;5;90;Bilheteira;Portugal;Coimbra
1209;05/02/2025 11:40;Bilhete;Bilhete Derby;Bilhetes;18;5;90;Loja FĒsica;Portugal;Aveiro
1238;05/04/2025 20:54;Bilhete;Bilhete Jogo Liga;Bilhetes;18;5;90;Online;Portugal;Braga
1268;01/04/2025 12:25;Bilhete;Bilhete Jogo Feminino;Bilhetes;18;5;90;Loja FĒsica;Portugal;Coimbra
1311;14/01/2025 21:55;Merchandising;Camisola Treino;Roupa;18;5;90;Online;Portugal;Coimbra
1382;03/03/2025 09:21;Merchandising;Calń§es;Roupa;18;5;90;Online;Portugal;Porto
1431;16/01/2025 22:43;Bilhete;Bilhete Jogo Feminino;Bilhetes;18;5;90;Loja FĒsica;Portugal;Coimbra
1494;29/01/2025 11:47;Bilhete;Bilhete Jogo Feminino;Bilhetes;18;5;90;Loja FĒsica;Portugal;Coimbra
1548;28/02/2025 14:44;Merchandising;Bonķ;Roupa;18;5;90;Online;Portugal;Porto
1557;15/03/2025 19:41;Bilhete;Bilhete Derby;Bilhetes;18;5;90;Online;Portugal;Coimbra
1591;29/03/2025 16:49;Bilhete;Bilhete Jogo Feminino;Bilhetes;18;5;90;Online;Portugal;Aveiro
1597;19/02/2025 12:12;Bilhete;Bilhete Jogo Liga;Bilhetes;18;5;90;Loja FĒsica;Portugal;Porto
1598;15/02/2025 19:29;Merchandising;Bonķ;Roupa;18;5;90;Loja FĒsica;Portugal;Braga
1599;21/02/2025 17:21;Bilhete;Bilhete Jogo Tańa;Bilhetes;18;5;90;Online;Portugal;Aveiro
1624;28/02/2025 17:59;Bilhete;Bilhete Jogo Tańa;Bilhetes;18;5;90;Online;Portugal;Lisboa
1687;26/04/2025 21:40;Bilhete;Bilhete Jogo Tańa;Bilhetes;18;5;90;Online;Portugal;Porto
1790;07/04/2025 11:34;Merchandising;Calń§es;Roupa;18;5;90;Bilheteira;Portugal;Coimbra
1802;19/04/2025 20:30;Bilhete;Bilhete Jogo Liga;Bilhetes;18;5;90;Loja FĒsica;Portugal;Aveiro
1852;24/03/2025 18:40;Merchandising;Camisola Oficial;Roupa;18;5;90;Online;Portugal;Braga
1854;16/01/2025 09:45;Bilhete;Bilhete Derby;Bilhetes;18;5;90;Bilheteira;Portugal;Braga
1915;17/03/2025 13:15;Merchandising;Camisola Oficial;Roupa;18;5;90;Loja FĒsica;Portugal;Braga
1935;19/03/2025 14:25;Merchandising;Bonķ;Roupa;18;5;90;Online;Portugal;Braga
1969;17/01/2025 19:32;Bilhete;Bilhete Jogo Liga;Bilhetes;18;5;90;Bilheteira;Portugal;Braga
1073;24/02/2025 19:23;Bilhete;Bilhete Jogo Liga;Bilhetes;22;5;110;Loja FĒsica;Portugal;Coimbra
1094;06/04/2025 22:36;Bilhete;Bilhete Jogo Tańa;Bilhetes;22;5;110;Bilheteira;Portugal;Lisboa
1096;02/02/2025 09:05;Bilhete;Bilhete Jogo Feminino;Bilhetes;22;5;110;Loja FĒsica;Portugal;Aveiro
1102;17/01/2025 13:28;Bilhete;Bilhete Jogo Tańa;Bilhetes;22;5;110;Bilheteira;Portugal;Lisboa
1176;31/01/2025 13:51;Merchandising;Garrafa;Equipamento;22;5;110;Online;Portugal;Coimbra
1205;24/04/2025 10:04;Merchandising;Garrafa;Equipamento;22;5;110;Bilheteira;Portugal;Braga
1255;20/02/2025 17:08;Merchandising;Bola Pro;Equipamento;22;5;110;Online;Portugal;Lisboa
1283;14/03/2025 19:02;Bilhete;Bilhete Jogo Liga;Bilhetes;22;5;110;Bilheteira;Portugal;Lisboa
1320;16/04/2025 14:34;Bilhete;Bilhete Jogo Liga;Bilhetes;22;5;110;Loja FĒsica;Portugal;Braga
1330;20/04/2025 16:50;Merchandising;Mochila;Equipamento;22;5;110;Loja FĒsica;Portugal;Lisboa
1345;09/04/2025 15:27;Bilhete;Bilhete Jogo Feminino;Bilhetes;22;5;110;Bilheteira;Portugal;Lisboa
1378;30/01/2025 11:06;Bilhete;Bilhete Jogo Feminino;Bilhetes;22;5;110;Loja FĒsica;Portugal;Porto
1379;19/04/2025 21:24;Merchandising;Bola Pro;Equipamento;22;5;110;Online;Portugal;Porto
1408;23/04/2025 14:56;Bilhete;Bilhete Jogo Liga;Bilhetes;22;5;110;Bilheteira;Portugal;Braga
1456;08/03/2025 20:44;Bilhete;Bilhete Jogo Tańa;Bilhetes;22;5;110;Online;Portugal;Braga
1480;03/02/2025 11:10;Bilhete;Bilhete Jogo Feminino;Bilhetes;22;5;110;Bilheteira;Portugal;Lisboa
1506;04/04/2025 22:18;Merchandising;Garrafa;Equipamento;22;5;110;Bilheteira;Portugal;Aveiro
1507;02/01/2025 19:15;Bilhete;Bilhete Jogo Feminino;Bilhetes;22;5;110;Loja FĒsica;Portugal;Porto
1511;11/03/2025 18:11;Bilhete;Bilhete Derby;Bilhetes;22;5;110;Loja FĒsica;Portugal;Braga
1626;05/02/2025 21:03;Merchandising;Mochila;Equipamento;22;5;110;Bilheteira;Portugal;Braga
1663;29/03/2025 14:51;Merchandising;Bola Pro;Equipamento;22;5;110;Online;Portugal;Porto
1800;10/04/2025 20:39;Merchandising;Mochila;Equipamento;22;5;110;Loja FĒsica;Portugal;Aveiro
1806;22/02/2025 13:54;Merchandising;Garrafa;Equipamento;22;5;110;Online;Portugal;Lisboa
1847;09/01/2025 14:26;Bilhete;Bilhete Jogo Tańa;Bilhetes;22;5;110;Loja FĒsica;Portugal;Aveiro
1925;07/02/2025 09:33;Bilhete;Bilhete Jogo Liga;Bilhetes;22;5;110;Online;Portugal;Coimbra
1944;24/02/2025 17:28;Merchandising;Bola Street;Equipamento;22;5;110;Online;Portugal;Braga
1467;06/03/2025 11:31;Bilhete;Bilhete Jogo Feminino;Bilhetes;25;5;125;Loja FĒsica;Portugal;Lisboa
1629;11/03/2025 19:51;Merchandising;Calń§es;Roupa;25;5;125;Online;Portugal;Coimbra
1030;28/04/2025 22:33;Bilhete;Bilhete Jogo Liga;Bilhetes;25;5;125;Online;Portugal;Aveiro
1065;10/03/2025 09:58;Merchandising;Bonķ;Roupa;25;5;125;Loja FĒsica;Portugal;Aveiro
1154;08/01/2025 09:13;Bilhete;Bilhete Jogo Tańa;Bilhetes;25;5;125;Online;Portugal;Porto
1216;23/02/2025 12:55;Bilhete;Bilhete Derby;Bilhetes;25;5;125;Bilheteira;Portugal;Aveiro
1256;24/02/2025 17:24;Bilhete;Bilhete Derby;Bilhetes;25;5;125;Online;Portugal;Braga
1402;30/01/2025 17:03;Bilhete;Bilhete Derby;Bilhetes;25;5;125;Desconhecido;Portugal;Braga
1406;20/02/2025 17:20;Bilhete;Bilhete Jogo Liga;Bilhetes;25;5;125;Loja FĒsica;Portugal;Braga
1460;27/02/2025 10:54;Bilhete;Bilhete Jogo Feminino;Bilhetes;25;5;125;Bilheteira;Portugal;Coimbra
1476;11/04/2025 21:51;Merchandising;Bonķ;Roupa;25;5;125;Bilheteira;Portugal;Lisboa
1483;10/03/2025 15:05;Bilhete;Bilhete Jogo Tańa;Bilhetes;25;5;125;Online;Portugal;Porto
1628;20/01/2025 15:19;Merchandising;Bonķ;Roupa;25;5;125;Bilheteira;Portugal;Braga
1630;28/04/2025 11:20;Merchandising;Bonķ;Roupa;25;5;125;Loja FĒsica;Portugal;Aveiro
1749;26/04/2025 11:36;Merchandising;Camisola Treino;Roupa;25;5;125;Online;Portugal;Lisboa
1862;05/03/2025 14:56;Merchandising;Camisola Treino;Roupa;25;5;125;Online;Portugal;Lisboa
1869;01/01/2025 17:49;Merchandising;Camisola Treino;Roupa;25;5;125;Online;Portugal;Braga
1899;04/03/2025 10:50;Merchandising;Calń§es;Roupa;25;5;125;Bilheteira;Portugal;Coimbra
1015;19/03/2025 12:09;Merchandising;Camisola Oficial;Roupa;29;5;145;Online;Portugal;Aveiro
1037;27/01/2025 20:21;Merchandising;Camisola Treino;Roupa;29;5;145;Loja FĒsica;Portugal;Coimbra
1042;24/04/2025 22:26;Merchandising;Camisola Oficial;Roupa;29;5;145;Loja FĒsica;Portugal;Desconhecido
1171;18/02/2025 19:50;Merchandising;Camisola Oficial;Roupa;29;5;145;Online;Portugal;Aveiro
1286;09/04/2025 18:38;Merchandising;Camisola Oficial;Roupa;29;5;145;Desconhecido;Portugal;Lisboa
1358;05/03/2025 21:49;Merchandising;Bonķ;Roupa;29;5;145;Loja FĒsica;Portugal;Aveiro
1380;04/01/2025 20:44;Merchandising;Camisola Treino;Roupa;29;5;145;Loja FĒsica;Portugal;Aveiro
1675;25/04/2025 14:34;Merchandising;Camisola Oficial;Roupa;29;5;145;Online;Portugal;Porto
1783;04/03/2025 09:52;Merchandising;Bonķ;Roupa;29;5;145;Loja FĒsica;Portugal;Coimbra
1078;31/03/2025 13:35;Merchandising;Mochila;Equipamento;35;5;175;Loja FĒsica;Portugal;Porto
1351;22/03/2025 10:31;Merchandising;Bola Pro;Equipamento;35;5;175;Loja FĒsica;Portugal;Coimbra
1464;08/03/2025 14:44;Merchandising;Mochila;Equipamento;35;5;175;Desconhecido;Portugal;Porto
1541;10/03/2025 09:44;Merchandising;Garrafa;Equipamento;35;5;175;Online;Portugal;Coimbra
1556;13/03/2025 21:16;Merchandising;Mochila;Equipamento;35;5;175;Online;Portugal;Braga
1596;06/01/2025 20:04;Merchandising;Bola Pro;Equipamento;35;5;175;Online;Portugal;Porto
1609;14/03/2025 11:20;Merchandising;Bola Pro;Equipamento;35;5;175;Loja FĒsica;Portugal;Porto
1616;16/04/2025 21:28;Merchandising;Bola Street;Equipamento;35;5;175;Online;Portugal;Braga
1700;10/04/2025 09:30;Merchandising;Bola Pro;Equipamento;35;5;175;Loja FĒsica;Portugal;Braga
1828;13/04/2025 13:27;Merchandising;Bola Pro;Equipamento;35;5;175;Loja FĒsica;Portugal;Coimbra
1912;20/03/2025 11:44;Merchandising;Bola Pro;Equipamento;35;5;175;Bilheteira;Portugal;Porto
1048;07/03/2025 10:24;Merchandising;Mochila;Equipamento;40;5;200;Online;Portugal;Coimbra
1147;09/04/2025 22:39;Merchandising;Bola Street;Equipamento;40;5;200;Loja FĒsica;Portugal;Aveiro
1221;27/02/2025 21:35;Merchandising;Bola Pro;Equipamento;40;5;200;Loja FĒsica;Portugal;Aveiro
1225;08/02/2025 16:52;Merchandising;Mochila;Equipamento;40;5;200;Bilheteira;Portugal;Desconhecido
1269;25/03/2025 14:19;Merchandising;Garrafa;Equipamento;40;5;200;Bilheteira;Portugal;Aveiro
1469;28/04/2025 20:48;Merchandising;Garrafa;Equipamento;40;5;200;Bilheteira;Portugal;Braga
1538;14/01/2025 17:04;Merchandising;Bola Street;Equipamento;40;5;200;Bilheteira;Portugal;Coimbra
1656;04/04/2025 19:31;Merchandising;Bola Street;Equipamento;40;5;200;Online;Portugal;Aveiro
1702;22/01/2025 18:03;Merchandising;Bola Pro;Equipamento;40;5;200;Bilheteira;Portugal;Aveiro
1775;18/04/2025 12:28;Merchandising;Bola Pro;Equipamento;40;5;200;Online;Portugal;Coimbra
1834;25/02/2025 15:41;Merchandising;Garrafa;Equipamento;40;5;200;Online;Portugal;Porto
1929;17/01/2025 21:08;Merchandising;Garrafa;Equipamento;40;5;200;Loja FĒsica;Portugal;Braga
1116;29/03/2025 12:31;Merchandising;Camisola Oficial;Roupa;49;5;245;Online;Portugal;Porto
1166;20/01/2025 09:28;Merchandising;Camisola Treino;Roupa;49;5;245;Bilheteira;Portugal;Desconhecido
1248;01/04/2025 14:04;Merchandising;Camisola Oficial;Roupa;49;5;245;Online;Portugal;Lisboa
1381;09/02/2025 11:31;Merchandising;Calń§es;Roupa;49;5;245;Online;Portugal;Lisboa
1395;03/04/2025 20:34;Merchandising;Calń§es;Roupa;49;5;245;Loja FĒsica;Portugal;Coimbra
1420;03/01/2025 22:49;Merchandising;Camisola Treino;Roupa;49;5;245;Online;Portugal;Braga
1498;10/01/2025 13:42;Merchandising;Camisola Oficial;Roupa;49;5;245;Bilheteira;Portugal;Lisboa
1550;13/02/2025 14:11;Merchandising;Camisola Treino;Roupa;49;5;245;Bilheteira;Portugal;Porto
1695;30/04/2025 15:39;Merchandising;Bonķ;Roupa;49;5;245;Bilheteira;Portugal;Aveiro
1859;02/02/2025 10:06;Merchandising;Bonķ;Roupa;49;5;245;Online;Portugal;Lisboa
1998;04/01/2025 14:08;Merchandising;Bonķ;Roupa;49;5;245;Online;Portugal;Coimbra
1072;30/03/2025 22:40;Evento;Clinic Lanńamento;FormańŃo;50;5;250;Online;Portugal;Coimbra
1141;03/04/2025 22:13;Evento;Clinic Jovem;FormańŃo;50;5;250;Bilheteira;Portugal;Porto
1274;05/01/2025 22:54;Evento;Clinic Lanńamento;FormańŃo;50;5;250;Loja FĒsica;Portugal;Desconhecido
1276;23/03/2025 19:59;Evento;Workshop Treinadores;FormańŃo;50;5;250;Bilheteira;Portugal;Braga
1362;18/01/2025 19:52;Evento;Clinic Jovem;FormańŃo;50;5;250;Online;Portugal;Aveiro
1374;21/03/2025 18:15;Evento;Clinic Lanńamento;FormańŃo;50;5;250;Bilheteira;Portugal;Braga
1423;26/03/2025 22:53;Evento;Clinic Jovem;FormańŃo;50;5;250;Loja FĒsica;Portugal;Aveiro
1492;09/01/2025 21:47;Evento;Clinic Jovem;FormańŃo;50;5;250;Online;Portugal;Lisboa
1513;23/04/2025 11:28;Evento;Workshop Arbitragem;FormańŃo;50;5;250;Online;Portugal;Lisboa
1523;24/02/2025 12:51;Evento;Workshop Treinadores;FormańŃo;50;5;250;Desconhecido;Portugal;Coimbra
1590;20/04/2025 14:49;Evento;Clinic Lanńamento;FormańŃo;50;5;250;Online;Portugal;Coimbra
1648;23/04/2025 16:15;Evento;Workshop Arbitragem;FormańŃo;50;5;250;Loja FĒsica;Portugal;Braga
1686;09/04/2025 22:24;Evento;Clinic Jovem;FormańŃo;50;5;250;Bilheteira;Portugal;Lisboa
1698;03/03/2025 20:05;Evento;Workshop Treinadores;FormańŃo;50;5;250;Loja FĒsica;Portugal;Aveiro
1723;29/01/2025 09:24;Evento;Workshop Arbitragem;FormańŃo;50;5;250;Bilheteira;Portugal;Lisboa
1894;03/01/2025 15:36;Evento;Clinic Lanńamento;FormańŃo;50;5;250;Loja FĒsica;Portugal;Lisboa
1519;26/03/2025 17:16;Evento;Clinic Lanńamento;FormańŃo;60;5;300;Loja FĒsica;Portugal;Coimbra
1022;15/03/2025 16:15;Evento;Clinic Lanńamento;FormańŃo;60;5;300;Bilheteira;Portugal;Porto
1057;01/03/2025 09:35;Evento;Clinic Lanńamento;FormańŃo;60;5;300;Online;Portugal;Braga
1315;19/02/2025 15:11;Evento;Workshop Arbitragem;FormańŃo;60;5;300;Loja FĒsica;Portugal;Aveiro
1387;10/02/2025 21:39;Evento;Clinic Jovem;FormańŃo;60;5;300;Loja FĒsica;Portugal;Aveiro
1419;10/04/2025 12:54;Evento;Clinic Jovem;FormańŃo;60;5;300;Loja FĒsica;Portugal;Porto
1454;18/02/2025 21:22;Evento;Workshop Arbitragem;FormańŃo;60;5;300;Online;Portugal;Porto
1468;23/01/2025 20:52;Evento;Workshop Arbitragem;FormańŃo;60;5;300;Online;Portugal;Braga
1503;11/01/2025 22:17;Evento;Clinic Jovem;FormańŃo;60;5;300;Loja FĒsica;Portugal;Porto
1567;18/03/2025 16:40;Evento;Clinic Lanńamento;FormańŃo;60;5;300;Loja FĒsica;Portugal;Aveiro
1608;29/04/2025 09:40;Evento;Clinic Jovem;FormańŃo;60;5;300;Bilheteira;Portugal;Lisboa
1654;08/01/2025 10:36;Evento;Clinic Lanńamento;FormańŃo;60;5;300;Loja FĒsica;Portugal;Desconhecido
1712;09/04/2025 12:33;Evento;Workshop Arbitragem;FormańŃo;60;5;300;Loja FĒsica;Portugal;Porto
1750;02/03/2025 22:29;Evento;Workshop Arbitragem;FormańŃo;60;5;300;Online;Portugal;Braga
1818;08/01/2025 15:16;Evento;Workshop Arbitragem;FormańŃo;60;5;300;Loja FĒsica;Portugal;Braga
1008;29/01/2025 19:20;Evento;Workshop Arbitragem;FormańŃo;70;5;350;Online;Portugal;Lisboa
1018;22/04/2025 18:27;Evento;Clinic Lanńamento;FormańŃo;70;5;350;Loja FĒsica;Portugal;Porto
1075;14/04/2025 17:49;Evento;Clinic Lanńamento;FormańŃo;70;5;350;Bilheteira;Portugal;Braga
1112;18/02/2025 14:40;Evento;Clinic Jovem;FormańŃo;70;5;350;Bilheteira;Portugal;Aveiro
1157;24/02/2025 18:25;Evento;Clinic Jovem;FormańŃo;70;5;350;Loja FĒsica;Portugal;Braga
1219;02/01/2025 22:06;Evento;Workshop Arbitragem;FormańŃo;70;5;350;Online;Portugal;Coimbra
1328;01/01/2025 22:49;Evento;Workshop Arbitragem;FormańŃo;70;5;350;Online;Portugal;Braga
1391;18/02/2025 10:53;Evento;Workshop Arbitragem;FormańŃo;70;5;350;Loja FĒsica;Portugal;Desconhecido
1478;11/03/2025 20:38;Evento;Clinic Lanńamento;FormańŃo;70;5;350;Loja FĒsica;Portugal;Porto
1529;14/02/2025 21:45;Evento;Workshop Treinadores;FormańŃo;70;5;350;Loja FĒsica;Portugal;Porto
1600;11/02/2025 22:23;Evento;Workshop Treinadores;FormańŃo;70;5;350;Loja FĒsica;Portugal;Braga
1710;29/03/2025 09:06;Evento;Workshop Arbitragem;FormańŃo;70;5;350;Loja FĒsica;Portugal;Coimbra
1735;22/01/2025 16:15;Evento;Clinic Lanńamento;FormańŃo;70;5;350;Online;Portugal;Porto
1810;17/03/2025 13:48;Evento;Workshop Arbitragem;FormańŃo;70;5;350;Bilheteira;Portugal;Coimbra
1887;15/04/2025 18:23;Evento;Workshop Arbitragem;FormańŃo;70;5;350;Loja FĒsica;Portugal;Braga
1921;21/02/2025 18:35;Evento;Clinic Jovem;FormańŃo;70;5;350;Bilheteira;Portugal;Coimbra
1959;08/04/2025 09:56;Evento;Workshop Arbitragem;FormańŃo;70;5;350;Online;Portugal;Lisboa
1971;24/04/2025 17:49;Evento;Workshop Treinadores;FormańŃo;70;5;350;Online;Portugal;Braga
1983;24/02/2025 19:15;Evento;Workshop Treinadores;FormańŃo;70;5;350;Loja FĒsica;Portugal;Aveiro
1152;26/02/2025 15:17;Evento;Workshop Arbitragem;FormańŃo;80;5;400;Loja FĒsica;Portugal;Lisboa
1212;07/02/2025 19:19;Evento;Clinic Jovem;FormańŃo;80;5;400;Online;Portugal;Braga
1301;03/03/2025 18:25;Evento;Clinic Jovem;FormańŃo;80;5;400;Loja FĒsica;Portugal;Braga
1639;08/04/2025 19:03;Evento;Clinic Jovem;FormańŃo;80;5;400;Bilheteira;Portugal;Braga
1688;15/03/2025 16:12;Evento;Workshop Treinadores;FormańŃo;80;5;400;Loja FĒsica;Portugal;Coimbra
1811;05/02/2025 11:49;Evento;Workshop Arbitragem;FormańŃo;80;5;400;Online;Portugal;Lisboa
1986;01/03/2025 11:20;Evento;Workshop Treinadores;FormańŃo;80;5;400;Bilheteira;Portugal;Aveiro
