ID_Venda,DataHora,Tipo_Produto,Descricao_Artigo,Categoria,Preco_Unitario,Quantidade,Receita_Total,Canal_Venda,Cidade
1000,2025-01-29 11:47,Bilhete,Bilhete Jogo Liga,Bilhetes,22,2,44.0,Loja Física,Aveiro
1001,2025-01-12 12:14,Evento,Bilhete Jogo Feminino,Bilhetes,15,1,15.0,Loja Física,Lisboa
1002,2025-03-17 13:51,Bilhete,Boné,Roupa,25,4,100.0,Online,Braga
1003,2025-04-08 14:06,Bilhete,Mochila,Equipamento,22,2,44.0,Bilheteira,Lisboa
1004,2025-04-04 16:34,Bilhete,Mochila,Equipamento,35,1,35.0,Bilheteira,Lisboa
1005,2025-01-06 19:14,Merchandising,Mochila,Equipamento,22,1,22.0,Online,Porto
1006,2025-03-23 22:23,Bilhete,Bilhete Jogo Feminino,Bilhetes,22,4,88.0,Bilheteira,Coimbra
1007,2025-03-23 11:34,Evento,Camisola Treino,Roupa,18,5,90.0,Online,Porto
1008,2025-01-29 19:20,Bilhete,Workshop Arbitragem,Formação,70,5,350.0,Online,Lisboa
1009,2025-01-28 18:56,Evento,Garrafa,Equipamento,35,1,35.0,Bilheteira,
1010,2025-02-03 11:15,Evento,Workshop Arbitragem,Formação,80,2,160.0,Loja Física,Aveiro
1011,2025-01-29 11:32,Merchandising,Garrafa,Equipamento,40,3,120.0,Online,Lisboa
1012,2025-03-18 10:24,Merchandising,Bilhete Jogo Taça,Bilhetes,18,4,72.0,Loja Física,Braga
1013,2025-04-07 13:49,Evento,Bola Pro,Equipamento,12,5,60.0,Bilheteira,Lisboa
1014,2025-01-01 20:56,Evento,Garrafa,Equipamento,22,4,88.0,Bilheteira,Aveiro
1015,2025-03-19 12:09,Merchandising,Camisola Oficial,Roupa,29,5,145.0,Online,Aveiro
1016,2025-01-15 14:56,Merchandising,Bilhete Derby,Bilhetes,25,1,25.0,Online,Lisboa
1017,2025-04-15 10:48,Evento,Camisola Oficial,Roupa,18,4,72.0,Online,
1018,2025-04-22 18:27,Bilhete,Clinic Lançamento,Formação,70,5,350.0,Loja Física,Porto
1019,2025-04-26 17:28,Bilhete,Garrafa,Equipamento,35,4,140.0,Online,Porto
1020,2025-03-12 12:37,Bilhete,Bilhete Derby,Bilhetes,15,5,75.0,Online,Lisboa
1021,2025-04-21 14:04,Evento,Bilhete Jogo Taça,Bilhetes,15,1,15.0,Online,Coimbra
1022,2025-03-15 16:15,Merchandising,Clinic Lançamento,,60,5,300.0,Bilheteira,Porto
1023,2025-02-24 15:29,Evento,Bilhete Jogo Liga,Bilhetes,25,3,75.0,Online,Lisboa
1024,2025-02-01 12:12,Evento,Bilhete Jogo Feminino,Bilhetes,22,1,22.0,Bilheteira,Porto
1025,2025-02-01 22:59,Bilhete,Clinic Lançamento,Formação,70,4,280.0,Bilheteira,Aveiro
1026,32/13/2025 99:99,Bilhete,Bilhete Jogo Liga,Bilhetes,15,1,15.0,Online,Braga
1027,2025-04-26 09:10,Merchandising,Workshop Arbitragem,Formação,60,4,240.0,Online,Braga
1028,2025-03-31 20:50,Evento,Garrafa,Equipamento,35,4,140.0,Loja Física,Braga
1029,2025-01-08 18:47,Evento,Calções,Roupa,29,2,58.0,Online,Coimbra
1030,2025-04-28 22:33,Bilhete,Bilhete Jogo Liga,Bilhetes,25,5,187.5,Online,Aveiro
1031,2025-01-09 19:55,Bilhete,Bilhete Jogo Taça,Bilhetes,15,5,75.0,Bilheteira,Lisboa
1032,2025-03-26 18:36,Evento,Camisola Oficial,Roupa,€18,4,72.0,Bilheteira,
1033,2025-02-20 11:42,Evento,Camisola Treino,Roupa,25,3,75.0,Bilheteira,
1034,2025-03-21 18:06,Bilhete,Bola Pro,Equipamento,12,4,72.0,Loja Física,Porto
1035,2025-04-23 12:23,Merchandising,Bola Street,Equipamento,35,1,35.0,Online,Braga
1036,2025-05-01 11:16,Bilhete,Bola Pro,Equipamento,35,1,35.0,Online,Aveiro
1037,2025-01-27 20:21,Bilhete,Camisola Treino,Roupa,29,5,145.0,Loja Física,Coimbra
1038,2025-03-23 15:53,Merchandising,Workshop Treinadores,Formação,50,1,50.0,Online,Lisboa
1039,2025-04-05 16:35,Evento,Bola Street,Equipamento,35,2,70.0,Bilheteira,Aveiro
1040,2025-03-11 09:53,Merchandising,Bilhete Jogo Liga,Bilhetes,15,2,30.0,Loja Física,Aveiro
1041,32/13/2025 99:99,Bilhete,Boné,Roupa,25,1,25.0,Bilheteira,Porto
1042,2025-04-24 22:26,Evento,Camisola Oficial,Roupa,29,5,145.0,Loja Física,
1043,2025-01-04 11:47,Merchandising,Calções,Roupa,25,-4,100.0,Bilheteira,Porto
1044,2025-04-22 09:54,Merchandising,Bola Street,Equipamento,12,4,48.0,Online,Porto
1045,2025-01-29 09:42,Bilhete,Workshop Treinadores,Formação,70,2,140.0,Bilheteira,Coimbra
1046,2025-03-24 17:25,Evento,Bola Pro,Equipamento,35,3,105.0,Loja Física,Coimbra
1047,2025-03-16 13:02,Bilhete,Bilhete Jogo Liga,Bilhetes,22,2,44.0,Loja Física,Braga
1048,2025-03-07 10:24,Evento,Mochila,Equipamento,40,5,200.0,Online,Coimbra
1049,2025-04-29 21:34,Evento,Bilhete Jogo Feminino,Bilhetes,15,5,75.0,Loja Física,Porto
1050,2025-03-21 14:42,Bilhete,Garrafa,Equipamento,12,3,36.0,Loja Física,Coimbra
1051,2025-03-31 13:35,Bilhete,Garrafa,Equipamento,35,4,140.0,Online,Braga
1052,2025-03-12 22:00,Merchandising,Clinic Lançamento,Formação,70,4,280.0,Bilheteira,Porto
1053,2025-02-26 19:13,Evento,Workshop Treinadores,,80,4,320.0,Bilheteira,Porto
1054,2025-04-15 21:15,Evento,Bilhete Derby,Bilhetes,22,1,22.0,Bilheteira,Porto
1055,2025-02-01 16:39,Bilhete,Calções,Roupa,18,1,18.0,Bilheteira,Braga
1056,2025-02-01 11:41,Evento,Boné,Roupa,49,4,196.0,Online,Lisboa
1057,2025-03-01 09:35,Bilhete,Clinic Lançamento,Formação,60,5,300.0,Online,Braga
1058,2025-03-20 22:46,Evento,Boné,Roupa,29,4,116.0,Bilheteira,Aveiro
1059,2025-02-03 21:15,Evento,Clinic Lançamento,Formação,80,4,480.0,Bilheteira,
1060,2025-01-10 20:18,Bilhete,Clinic Lançamento,Formação,70,4,280.0,Bilheteira,Coimbra
1061,2025-01-30 15:44,Bilhete,Bola Pro,Equipamento,22,2,44.0,Loja Física,Porto
1062,2025-03-11 16:26,Bilhete,Bilhete Jogo Feminino,Bilhetes,25,3,75.0,Online,Braga
1063,2025-01-01 14:19,Merchandising,Clinic Jovem,Formação,80,4,320.0,Bilheteira,Aveiro
1064,2025-02-25 16:01,Merchandising,Boné,Roupa,25,3,75.0,Bilheteira,Braga
1065,2025-03-10 09:58,Merchandising,Boné,Roupa,25,5,125.0,Loja Física,Aveiro
1066,2025-04-21 16:11,Bilhete,Bilhete Jogo Liga,Bilhetes,25,2,50.0,Bilheteira,Braga
1067,2025-02-13 21:56,Merchandising,Bola Street,Equipamento,40,3,120.0,Bilheteira,Braga
1068,2025-04-06 17:03,Merchandising,Bola Pro,Equipamento,40,1,40.0,Online,Lisboa
1069,2025-04-18 09:39,Bilhete,Bilhete Jogo Liga,Bilhetes,18,2,36.0,Online,Porto
1070,2025-03-31 13:49,Merchandising,Clinic Jovem,Formação,60,-4,240.0,Online,Aveiro
1071,2025-03-16 09:59,Merchandising,Bilhete Jogo Taça,Bilhetes,22,1,22.0,Loja Física,Braga
1072,2025-03-30 22:40,Bilhete,Clinic Lançamento,Formação,50,5,250.0,Online,Coimbra
1073,2025-02-24 19:23,Bilhete,Bilhete Jogo Liga,Bilhetes,22,5,110.0,Loja Física,Coimbra
1074,2025-02-25 14:40,Merchandising,Bilhete Jogo Feminino,Bilhetes,25,1,25.0,Loja Física,Porto
1075,2025-04-14 17:49,Merchandising,Clinic Lançamento,Formação,70,5,350.0,Bilheteira,Braga
1076,2025-02-05 16:15,Merchandising,Mochila,Equipamento,22,1,22.0,Loja Física,Aveiro
1077,2025-04-19 14:11,Merchandising,Workshop Treinadores,Formação,50,4,200.0,Online,Coimbra
1078,2025-03-31 13:35,Bilhete,Mochila,Equipamento,35,5,175.0,Loja Física,Porto
1079,2025-03-13 21:15,Evento,Bilhete Jogo Taça,,25,4,100.0,Bilheteira,Braga
1080,2025-01-29 15:44,Bilhete,Clinic Jovem,Formação,50,3,150.0,Bilheteira,Aveiro
1081,2025-04-06 17:21,Merchandising,Garrafa,Equipamento,35,4,140.0,Loja Física,Braga
1082,2025-01-16 20:12,Merchandising,Mochila,,35,2,70.0,Online,Aveiro
1083,2025-02-05 20:37,Evento,Calções,Roupa,25,4,100.0,Loja Física,Coimbra
1084,2025-02-16 11:19,Bilhete,Bilhete Jogo Taça,Bilhetes,22,2,44.0,Loja Física,Aveiro
1085,2025-03-12 13:44,Bilhete,Camisola Treino,Roupa,18,1,18.0,Loja Física,Braga
1086,2025-03-03 16:21,Bilhete,Bilhete Jogo Liga,Bilhetes,22,4,88.0,Online,Coimbra
1087,2025-03-04 10:36,Evento,Clinic Jovem,Formação,50,4,200.0,Loja Física,Lisboa
1088,2025-02-01 10:35,Merchandising,Calções,Roupa,29,1,29.0,Loja Física,Aveiro
1089,2025-02-08 22:37,Merchandising,Boné,Roupa,49,4,196.0,Bilheteira,Aveiro
1090,2025-02-03 19:05,Bilhete,Bilhete Jogo Liga,Bilhetes,18,2,36.0,Online,Porto
1091,2025-02-27 20:38,Merchandising,Bilhete Jogo Taça,Bilhetes,15,4,60.0,Bilheteira,Lisboa
1092,2025-01-10 19:14,Merchandising,Camisola Treino,Roupa,29,4,116.0,Loja Física,Aveiro
1093,2025-01-29 19:09,Merchandising,Boné,Roupa,18,5,90.0,,Lisboa
1094,2025-04-06 22:36,Merchandising,Bilhete Jogo Taça,Bilhetes,22,5,110.0,Bilheteira,Lisboa
1095,2025-03-06 17:31,Merchandising,Workshop Treinadores,Formação,80,3,240.0,Online,Aveiro
1096,2025-02-02 09:05,Bilhete,Bilhete Jogo Feminino,Bilhetes,22,5,110.0,Loja Física,Aveiro
1097,2025-03-02 17:41,Merchandising,Bilhete Derby,Bilhetes,15,2,30.0,Bilheteira,Porto
1098,2025-02-14 15:21,Merchandising,Workshop Arbitragem,Formação,50,4,300.0,,Lisboa
1099,2025-02-06 19:25,Evento,Camisola Treino,Roupa,49,4,196.0,Online,Braga
1100,2025-01-15 21:25,Evento,Bilhete Derby,Bilhetes,22,3,66.0,Online,Aveiro
1101,2025-03-08 14:39,Merchandising,Workshop Arbitragem,Formação,50,2,100.0,Loja Física,Braga
1102,2025-01-17 13:28,Evento,Bilhete Jogo Taça,Bilhetes,€22,5,110.0,Bilheteira,Lisboa
1103,2025-03-12 09:35,Merchandising,Bilhete Jogo Taça,Bilhetes,18,3,54.0,Online,Porto
1104,2025-03-05 20:18,Evento,Bilhete Jogo Feminino,Bilhetes,15,2,30.0,Loja Física,Coimbra
1105,2025-02-28 17:09,Merchandising,Workshop Arbitragem,Formação,80,2,160.0,Online,Aveiro
1106,2025-02-13 21:32,Merchandising,Camisola Oficial,Roupa,29,4,116.0,Online,Coimbra
1107,2025-03-10 16:22,Merchandising,Garrafa,Equipamento,22,4,88.0,Loja Física,Aveiro
1108,2025-03-31 12:36,Merchandising,Workshop Arbitragem,Formação,70,2,140.0,Online,Braga
1109,2025-02-19 19:50,Evento,Bilhete Derby,Bilhetes,25,4,100.0,Online,Braga
1110,2025-04-22 22:28,Bilhete,Bilhete Jogo Taça,Bilhetes,22,1,22.0,Loja Física,Braga
1111,2025-01-10 16:50,Merchandising,Bilhete Jogo Taça,Bilhetes,25,2,50.0,Bilheteira,Aveiro
1112,2025-02-18 14:40,Evento,Clinic Jovem,Formação,70,5,350.0,Bilheteira,Aveiro
1113,2025-01-30 20:05,Merchandising,Bilhete Jogo Liga,Bilhetes,18,3,54.0,Online,Lisboa
1114,2025-01-06 14:50,Bilhete,Clinic Lançamento,Formação,70,1,70.0,Bilheteira,Coimbra
1115,2025-03-09 15:36,Evento,Garrafa,Equipamento,22,2,44.0,Online,Porto
1116,2025-03-29 12:31,Evento,Camisola Oficial,Roupa,49,5,245.0,Online,Porto
1117,2025-03-27 09:57,Merchandising,Workshop Treinadores,Formação,80,3,240.0,Bilheteira,Aveiro
1118,2025-03-17 13:40,Merchandising,Camisola Oficial,Roupa,49,3,147.0,Loja Física,Coimbra
1119,2025-04-20 16:06,Bilhete,Workshop Treinadores,Formação,60,4,240.0,Bilheteira,Aveiro
1120,2025-04-17 19:25,Merchandising,Mochila,Equipamento,35,1,35.0,Online,Aveiro
1121,32/13/2025 99:99,Bilhete,Bilhete Jogo Feminino,Bilhetes,22,2,44.0,Loja Física,Porto
1122,2025-02-09 21:28,Bilhete,Bola Street,Equipamento,12,1,12.0,Loja Física,Coimbra
1123,2025-04-06 15:11,Bilhete,Camisola Oficial,Roupa,29,3,87.0,Online,Aveiro
1124,2025-04-27 22:30,Merchandising,Mochila,Equipamento,22,3,66.0,Loja Física,Coimbra
1125,2025-04-07 12:55,Evento,Bilhete Jogo Feminino,Bilhetes,15,2,30.0,Loja Física,Braga
1126,2025-02-03 17:07,Merchandising,Bola Pro,Equipamento,40,1,40.0,Bilheteira,Coimbra
1127,2025-03-02 09:39,Evento,Workshop Treinadores,Formação,50,2,100.0,Bilheteira,Aveiro
1128,2025-03-25 15:07,Bilhete,Camisola Oficial,Roupa,49,3,147.0,Online,Lisboa
1129,2025-01-31 17:08,Merchandising,Garrafa,Equipamento,12,1,12.0,Bilheteira,Coimbra
1130,2025-04-17 16:39,Merchandising,Clinic Lançamento,Formação,80,1,80.0,Bilheteira,Lisboa
1131,2025-01-31 22:23,Bilhete,Bola Street,Equipamento,40,4,160.0,Loja Física,Coimbra
1132,2025-01-25 10:54,Merchandising,Bola Pro,Equipamento,40,3,120.0,,Porto
1133,2025-01-17 21:36,Bilhete,Bilhete Jogo Liga,Bilhetes,22,2,44.0,,Aveiro
1134,2025-04-10 11:50,Evento,Calções,Roupa,25,3,75.0,,Coimbra
1135,2025-01-15 19:55,Bilhete,Calções,Roupa,29,2,58.0,Online,Lisboa
1136,2025-01-23 13:03,Bilhete,Bola Street,Equipamento,35,1,35.0,Loja Física,Braga
1137,2025-04-10 14:32,Evento,Bilhete Jogo Liga,Bilhetes,25,4,100.0,Online,Braga
1138,2025-03-24 09:03,Merchandising,Camisola Oficial,Roupa,29,4,116.0,Bilheteira,Braga
1139,2025-04-26 10:20,Evento,Bilhete Jogo Feminino,Bilhetes,25,1,25.0,Online,Lisboa
1140,2025-03-18 17:18,Merchandising,Camisola Treino,Roupa,€29,4,116.0,Loja Física,Aveiro
1141,2025-04-03 22:13,Merchandising,Clinic Jovem,Formação,50,5,250.0,Bilheteira,Porto
1142,2025-02-23 20:06,Merchandising,Workshop Treinadores,Formação,80,4,320.0,Bilheteira,Coimbra
1143,2025-01-09 10:53,Bilhete,Mochila,Equipamento,22,4,88.0,Online,Braga
1144,2025-01-08 18:35,Evento,Bilhete Derby,Bilhetes,18,5,90.0,Bilheteira,Lisboa
1145,2025-02-06 18:19,Merchandising,Workshop Treinadores,Formação,80,-1,80.0,Online,Aveiro
1146,2025-04-19 10:22,Evento,Calções,Roupa,49,2,98.0,Bilheteira,Lisboa
1147,2025-04-09 22:39,Evento,Bola Street,Equipamento,40,5,200.0,Loja Física,Aveiro
1148,2025-02-04 20:48,Merchandising,Bilhete Derby,Bilhetes,15,2,30.0,Bilheteira,Coimbra
1149,32/13/2025 99:99,Bilhete,Bilhete Jogo Taça,Bilhetes,18,5,90.0,Loja Física,Lisboa
1150,2025-02-28 14:10,Merchandising,Bilhete Jogo Taça,Bilhetes,25,4,100.0,Bilheteira,Coimbra
1151,2025-04-07 18:03,Evento,Bilhete Jogo Liga,Bilhetes,18,2,36.0,Online,Coimbra
1152,2025-02-26 15:17,Bilhete,Workshop Arbitragem,,80,5,400.0,Loja Física,Lisboa
1153,2025-03-28 19:37,Merchandising,Garrafa,Equipamento,12,3,36.0,Loja Física,Coimbra
1154,2025-01-08 09:13,Merchandising,Bilhete Jogo Taça,Bilhetes,€25,5,125.0,Online,Porto
1155,2025-01-01 16:47,Merchandising,Mochila,Equipamento,35,1,35.0,Online,
1156,2025-02-20 22:47,Bilhete,Clinic Lançamento,Formação,70,1,70.0,Bilheteira,Lisboa
1157,2025-02-24 18:25,Evento,Clinic Jovem,Formação,70,5,350.0,Loja Física,Braga
1158,2025-02-11 11:51,Evento,Bola Pro,Equipamento,40,1,40.0,Bilheteira,Coimbra
1159,2025-02-25 18:25,Evento,Bilhete Jogo Feminino,Bilhetes,15,2,30.0,Online,Braga
1160,2025-04-10 11:04,Evento,Mochila,Equipamento,22,3,66.0,Loja Física,Lisboa
1161,2025-01-31 10:09,Merchandising,Camisola Treino,Roupa,29,2,58.0,Online,Porto
1162,2025-03-01 21:36,Evento,Camisola Oficial,Roupa,25,4,100.0,Bilheteira,Aveiro
1163,2025-01-09 16:28,Evento,Mochila,Equipamento,22,4,88.0,Bilheteira,Coimbra
1164,2025-03-01 16:02,Bilhete,Bilhete Derby,Bilhetes,15,3,45.0,Bilheteira,Coimbra
1165,2025-03-16 17:50,Evento,Bilhete Jogo Liga,Bilhetes,25,4,100.0,Online,Braga
1166,2025-01-20 09:28,Bilhete,Camisola Treino,Roupa,49,5,245.0,Bilheteira,
1167,2025-02-26 17:33,Evento,Camisola Oficial,Roupa,25,4,100.0,Online,Coimbra
1168,2025-04-10 14:43,Evento,Mochila,Equipamento,40,4,160.0,Online,Coimbra
1169,32/13/2025 99:99,Merchandising,Bilhete Derby,Bilhetes,15,5,75.0,Loja Física,Aveiro
1170,2025-03-26 11:58,Merchandising,Camisola Treino,Roupa,18,5,90.0,Bilheteira,Braga
1171,2025-02-18 19:50,Merchandising,Camisola Oficial,Roupa,29,5,145.0,Online,Aveiro
1172,2025-02-16 13:11,Bilhete,Bilhete Jogo Feminino,Bilhetes,22,1,22.0,Bilheteira,Braga
1173,2025-01-10 13:54,Bilhete,Calções,Roupa,25,2,50.0,Loja Física,Aveiro
1174,2025-02-18 11:10,Bilhete,Bilhete Derby,Bilhetes,18,5,90.0,Loja Física,Aveiro
1175,2025-02-16 19:46,Bilhete,Boné,Roupa,18,4,72.0,Bilheteira,Aveiro
1176,2025-01-31 13:51,Merchandising,Garrafa,Equipamento,22,5,110.0,Online,Coimbra
1177,2025-03-06 17:26,Bilhete,Workshop Arbitragem,Formação,70,4,280.0,Online,Aveiro
1178,2025-04-22 14:35,Bilhete,Camisola Treino,,18,4,72.0,Loja Física,Aveiro
1179,2025-02-04 16:57,Evento,Bilhete Derby,Bilhetes,15,2,30.0,Online,Braga
1180,2025-04-30 09:26,Bilhete,Bilhete Jogo Taça,Bilhetes,25,3,75.0,Bilheteira,Aveiro
1181,2025-02-17 12:01,Merchandising,Bola Street,Equipamento,40,1,40.0,Online,Coimbra
1182,2025-04-28 22:30,Evento,Calções,Roupa,18,3,54.0,Online,Braga
1183,2025-02-02 12:53,Bilhete,Clinic Jovem,Formação,50,1,50.0,Loja Física,Aveiro
1184,2025-02-08 10:03,Bilhete,Clinic Jovem,Formação,70,2,140.0,Bilheteira,Aveiro
1185,2025-03-18 17:01,Evento,Clinic Jovem,Formação,50,4,200.0,Loja Física,Aveiro
1186,32/13/2025 99:99,Bilhete,Calções,Roupa,29,4,116.0,Loja Física,Braga
1187,2025-03-09 17:32,Evento,Camisola Oficial,Roupa,29,1,29.0,Loja Física,Lisboa
1188,2025-02-17 13:47,Bilhete,Workshop Arbitragem,Formação,50,4,200.0,Bilheteira,Lisboa
1189,2025-04-05 21:21,Bilhete,Bola Street,Equipamento,12,5,60.0,Online,Coimbra
1190,2025-03-22 11:51,Bilhete,Bola Street,Equipamento,40,4,160.0,Online,Braga
1191,2025-04-12 12:56,Bilhete,Bilhete Derby,Bilhetes,18,-1,18.0,Bilheteira,Coimbra
1192,2025-04-07 19:12,Merchandising,Workshop Arbitragem,Formação,70,-1,70.0,Bilheteira,Lisboa
1193,2025-02-25 15:47,Merchandising,Mochila,Equipamento,12,3,36.0,Bilheteira,Coimbra
1194,2025-04-29 21:33,Merchandising,Boné,Roupa,49,3,147.0,Online,Braga
1195,2025-02-07 14:06,Bilhete,Bilhete Jogo Feminino,Bilhetes,18,5,90.0,Bilheteira,Coimbra
1196,2025-03-30 16:22,Merchandising,Garrafa,Equipamento,40,2,80.0,Online,Coimbra
1197,2025-03-27 19:25,Merchandising,Workshop Treinadores,Formação,50,1,50.0,Loja Física,Porto
1198,2025-01-17 10:15,Evento,Bilhete Jogo Taça,Bilhetes,25,1,25.0,Bilheteira,Coimbra
1199,2025-02-17 14:28,Bilhete,Clinic Jovem,Formação,60,4,240.0,Loja Física,Porto
1200,2025-02-01 10:01,Evento,Garrafa,Equipamento,35,3,105.0,Online,Braga
1201,2025-04-01 16:13,Evento,Clinic Jovem,Formação,70,3,210.0,Bilheteira,Braga
1202,2025-02-27 11:57,Evento,Camisola Oficial,Roupa,25,1,25.0,Bilheteira,Lisboa
1203,2025-03-11 13:57,Merchandising,Mochila,Equipamento,12,5,60.0,Online,Porto
1204,2025-04-12 11:15,Merchandising,Bola Street,Equipamento,12,2,24.0,Online,Coimbra
1205,2025-04-24 10:04,Merchandising,Garrafa,Equipamento,€22,5,110.0,Bilheteira,Braga
1206,2025-02-10 19:04,Merchandising,Workshop Arbitragem,Formação,50,2,100.0,Bilheteira,Aveiro
1207,2025-02-25 17:58,Bilhete,Bola Street,Equipamento,22,2,44.0,Online,Aveiro
1208,2025-02-11 20:14,Merchandising,Camisola Treino,Roupa,25,2,50.0,Loja Física,Coimbra
1209,2025-02-05 11:40,Merchandising,Bilhete Derby,Bilhetes,18,5,90.0,Loja Física,Aveiro
1210,2025-03-26 18:46,Evento,Bilhete Jogo Taça,,18,2,36.0,Bilheteira,Aveiro
1211,2025-03-24 21:36,Merchandising,Bilhete Jogo Liga,Bilhetes,15,1,15.0,Loja Física,Porto
1212,2025-02-07 19:19,Merchandising,Clinic Jovem,Formação,80,5,400.0,Online,Braga
1213,2025-01-21 16:26,Merchandising,Garrafa,Equipamento,12,1,12.0,Bilheteira,Porto
1214,2025-04-04 22:22,Merchandising,Bola Street,Equipamento,35,3,105.0,Online,Coimbra
1215,2025-01-16 13:28,Bilhete,Bilhete Derby,,18,4,72.0,Online,Lisboa
1216,2025-02-23 12:55,Bilhete,Bilhete Derby,Bilhetes,25,5,125.0,Bilheteira,Aveiro
1217,2025-03-07 16:31,Merchandising,Bola Street,Equipamento,22,4,88.0,Bilheteira,Lisboa
1218,2025-01-28 18:22,Bilhete,Bilhete Jogo Feminino,Bilhetes,25,2,50.0,Online,Coimbra
1219,2025-01-02 22:06,Merchandising,Workshop Arbitragem,Formação,70,5,350.0,Online,Coimbra
1220,2025-02-21 09:36,Evento,Garrafa,Equipamento,35,1,35.0,Online,Coimbra
1221,2025-02-27 21:35,Merchandising,Bola Pro,Equipamento,40,5,200.0,Loja Física,Aveiro
1222,2025-02-17 21:21,Evento,Bilhete Jogo Taça,Bilhetes,15,4,60.0,Bilheteira,Porto
1223,2025-01-05 11:45,Merchandising,Boné,Roupa,18,1,18.0,Bilheteira,Aveiro
1224,2025-04-30 18:20,Bilhete,Clinic Lançamento,Formação,60,3,180.0,Bilheteira,Aveiro
1225,2025-02-08 16:52,Bilhete,Mochila,Equipamento,40,5,200.0,Bilheteira,
1226,2025-03-18 16:16,Evento,Bilhete Jogo Feminino,Bilhetes,22,1,22.0,Loja Física,Aveiro
1227,2025-03-09 19:46,Evento,Camisola Oficial,Roupa,49,2,147.0,Bilheteira,Porto
1228,2025-01-03 16:20,Merchandising,Camisola Oficial,,18,2,36.0,Online,Braga
1229,2025-04-01 11:33,Bilhete,Boné,Roupa,49,1,49.0,Loja Física,Coimbra
1230,2025-02-28 17:21,Evento,Workshop Arbitragem,Formação,70,2,140.0,Bilheteira,Coimbra
1231,2025-03-13 13:14,Merchandising,Clinic Lançamento,Formação,60,3,180.0,Bilheteira,Porto
1232,2025-03-13 21:46,Merchandising,Workshop Treinadores,Formação,80,3,240.0,Bilheteira,Lisboa
1233,2025-02-07 09:18,Evento,Workshop Arbitragem,Formação,70,2,140.0,Online,Coimbra
1234,2025-01-26 22:34,Merchandising,Workshop Treinadores,Formação,80,2,160.0,Loja Física,
1235,2025-01-07 19:57,Evento,Camisola Oficial,Roupa,25,2,50.0,Online,
1236,2025-04-02 16:06,Evento,Bilhete Jogo Liga,Bilhetes,25,3,75.0,Online,Lisboa
1237,2025-03-25 12:48,Merchandising,Boné,Roupa,49,4,196.0,Bilheteira,Coimbra
1238,2025-04-05 20:54,Bilhete,Bilhete Jogo Liga,Bilhetes,18,5,90.0,Online,Braga
1239,2025-01-24 20:55,Merchandising,Camisola Oficial,Roupa,49,4,196.0,Online,Lisboa
1240,2025-02-28 19:34,Evento,Bola Pro,Equipamento,35,3,105.0,Bilheteira,Porto
1241,2025-02-12 11:46,Merchandising,Workshop Treinadores,Formação,€60,1,60.0,Loja Física,Coimbra
1242,2025-03-14 19:48,Bilhete,Camisola Oficial,Roupa,29,3,87.0,Online,Aveiro
1243,2025-02-21 19:06,Bilhete,Workshop Arbitragem,Formação,70,1,70.0,Online,Braga
1244,2025-02-19 12:28,Merchandising,Bola Street,Equipamento,12,3,36.0,Bilheteira,Coimbra
1245,2025-01-08 19:07,Merchandising,Bilhete Derby,Bilhetes,€22,2,44.0,Bilheteira,Porto
1246,2025-02-17 18:14,Bilhete,Workshop Treinadores,Formação,50,3,150.0,Online,Braga
1247,2025-03-31 17:58,Merchandising,Boné,Roupa,29,4,116.0,Loja Física,Porto
1248,2025-04-01 14:04,Evento,Camisola Oficial,Roupa,49,5,245.0,Online,Lisboa
1249,2025-04-20 17:28,Bilhete,Calções,Roupa,25,3,75.0,Loja Física,Porto
1250,2025-02-28 11:32,Merchandising,Clinic Jovem,Formação,80,1,80.0,Bilheteira,Aveiro
1251,2025-02-20 13:52,Bilhete,Bilhete Jogo Feminino,Bilhetes,22,1,22.0,Loja Física,Porto
1252,2025-03-31 10:34,Bilhete,Bilhete Jogo Liga,Bilhetes,25,3,75.0,Online,Braga
1253,2025-04-09 11:49,Evento,Bilhete Derby,Bilhetes,25,2,50.0,Loja Física,Braga
1254,2025-02-18 10:43,Evento,Garrafa,Equipamento,40,4,160.0,Loja Física,Porto
1255,2025-02-20 17:08,Evento,Bola Pro,Equipamento,22,5,110.0,Online,Lisboa
1256,2025-02-24 17:24,Bilhete,Bilhete Derby,Bilhetes,25,5,125.0,Online,Braga
1257,2025-04-30 20:48,Bilhete,Bola Street,Equipamento,35,2,105.0,Online,Braga
1258,2025-01-13 18:02,Merchandising,Bilhete Jogo Taça,Bilhetes,18,1,18.0,Loja Física,Lisboa
1259,2025-01-30 17:13,Bilhete,Camisola Oficial,,49,4,196.0,Online,Aveiro
1260,32/13/2025 99:99,Merchandising,Bola Street,Equipamento,35,5,175.0,Online,Coimbra
1261,2025-02-05 09:35,Evento,Calções,Roupa,49,3,147.0,Loja Física,Porto
1262,2025-05-01 19:42,Merchandising,Workshop Arbitragem,Formação,50,3,150.0,Loja Física,Coimbra
1263,2025-02-18 11:48,Evento,Workshop Arbitragem,Formação,60,3,180.0,Bilheteira,Porto
1264,2025-04-28 09:35,Merchandising,Camisola Treino,Roupa,25,4,100.0,Bilheteira,Aveiro
1265,2025-01-27 14:41,Bilhete,Boné,Roupa,25,3,75.0,,Coimbra
1266,2025-02-18 19:38,Evento,Bilhete Jogo Taça,Bilhetes,15,3,45.0,,Lisboa
1267,2025-04-22 14:19,Bilhete,Calções,Roupa,49,2,98.0,Online,Porto
1268,2025-04-01 12:25,Bilhete,Bilhete Jogo Feminino,Bilhetes,18,5,90.0,Loja Física,Coimbra
1269,2025-03-25 14:19,Merchandising,Garrafa,,40,5,200.0,Bilheteira,Aveiro
1270,2025-04-08 22:20,Bilhete,Workshop Arbitragem,Formação,50,4,200.0,Bilheteira,Coimbra
1271,2025-01-03 13:35,Evento,Clinic Jovem,Formação,60,2,120.0,Loja Física,Braga
1272,2025-01-30 15:36,Bilhete,Bola Street,Equipamento,22,3,66.0,Bilheteira,Aveiro
1273,2025-02-28 11:46,Merchandising,Mochila,Equipamento,40,4,160.0,Online,Porto
1274,2025-01-05 22:54,Bilhete,Clinic Lançamento,Formação,50,5,250.0,Loja Física,
1275,2025-01-09 20:09,Bilhete,Bilhete Jogo Feminino,Bilhetes,18,2,54.0,Online,Aveiro
1276,2025-03-23 19:59,Evento,Workshop Treinadores,Formação,50,5,250.0,Bilheteira,Braga
1277,2025-01-03 17:46,Merchandising,Bilhete Jogo Liga,Bilhetes,25,1,25.0,Loja Física,Coimbra
1278,2025-04-28 10:33,Bilhete,Bilhete Jogo Feminino,Bilhetes,18,1,18.0,Online,Porto
1279,2025-01-11 14:25,Merchandising,Mochila,Equipamento,35,4,140.0,Loja Física,Porto
1280,2025-01-12 15:24,Merchandising,Camisola Treino,Roupa,18,1,18.0,Loja Física,Braga
1281,2025-03-05 22:27,Evento,Bilhete Jogo Liga,Bilhetes,18,1,18.0,Bilheteira,Aveiro
1282,2025-04-26 22:44,Evento,Bilhete Jogo Liga,Bilhetes,18,2,36.0,Bilheteira,Coimbra
1283,2025-03-14 19:02,Bilhete,Bilhete Jogo Liga,Bilhetes,22,5,110.0,Bilheteira,Lisboa
1284,2025-02-08 11:36,Bilhete,Calções,Roupa,49,1,49.0,Loja Física,Braga
1285,32/13/2025 99:99,Bilhete,Garrafa,Equipamento,22,1,22.0,Online,Braga
1286,2025-04-09 18:38,Merchandising,Camisola Oficial,Roupa,29,5,217.5,,Lisboa
1287,2025-02-15 17:24,Merchandising,Garrafa,Equipamento,40,2,80.0,,Aveiro
1288,2025-04-02 10:05,Merchandising,Clinic Jovem,Formação,70,2,140.0,Online,Braga
1289,2025-01-14 10:00,Merchandising,Boné,Roupa,29,3,87.0,Bilheteira,Coimbra
1290,2025-01-24 15:28,Evento,Bola Pro,Equipamento,22,1,22.0,Loja Física,Aveiro
1291,2025-02-15 17:05,Evento,Clinic Jovem,Formação,50,1,50.0,Loja Física,Coimbra
1292,2025-02-19 21:05,Evento,Clinic Jovem,Formação,70,4,280.0,Loja Física,Porto
1293,32/13/2025 99:99,Merchandising,Boné,Roupa,25,2,50.0,Online,Lisboa
1294,2025-02-08 16:50,Bilhete,Boné,Roupa,29,4,116.0,Bilheteira,Coimbra
1295,2025-01-14 11:19,Bilhete,Boné,Roupa,25,4,100.0,Bilheteira,Coimbra
1296,2025-02-25 22:52,Evento,Workshop Treinadores,Formação,80,3,240.0,Loja Física,Porto
1297,2025-02-10 11:25,Merchandising,Mochila,Equipamento,22,4,88.0,Bilheteira,Braga
1298,2025-04-15 21:25,Merchandising,Camisola Treino,Roupa,49,3,147.0,Online,Aveiro
1299,2025-05-01 20:13,Merchandising,Calções,Roupa,18,4,72.0,Bilheteira,Lisboa
1300,2025-01-31 13:42,Bilhete,Workshop Arbitragem,Formação,60,3,180.0,Loja Física,Braga
1301,2025-03-03 18:25,Evento,Clinic Jovem,Formação,80,5,400.0,Loja Física,Braga
1302,2025-04-09 12:42,Evento,Bilhete Derby,Bilhetes,15,1,15.0,Bilheteira,Porto
1303,2025-01-14 09:06,Merchandising,Bilhete Jogo Feminino,Bilhetes,22,4,88.0,Online,Aveiro
1304,2025-03-01 21:43,Evento,Boné,Roupa,29,4,174.0,Loja Física,Aveiro
1305,2025-01-14 13:26,Bilhete,Camisola Treino,Roupa,18,4,72.0,Online,Porto
1306,2025-04-11 12:33,Merchandising,Mochila,Equipamento,35,4,140.0,Bilheteira,Braga
1307,2025-01-09 13:02,Evento,Bilhete Jogo Feminino,Bilhetes,25,3,75.0,Online,Lisboa
1308,2025-03-08 11:35,Bilhete,Bola Pro,Equipamento,22,2,44.0,Bilheteira,Aveiro
1309,2025-03-22 11:11,Evento,Workshop Arbitragem,Formação,60,4,240.0,Loja Física,Braga
1310,2025-03-17 15:24,Bilhete,Clinic Jovem,Formação,60,4,240.0,Loja Física,Porto
1311,2025-01-14 21:55,Evento,Camisola Treino,Roupa,18,5,90.0,Online,Coimbra
1312,2025-02-03 19:55,Merchandising,Bola Street,Equipamento,40,1,40.0,Loja Física,Coimbra
1313,2025-02-15 22:29,Evento,Workshop Arbitragem,Formação,50,3,150.0,Online,Coimbra
1314,2025-01-31 13:07,Bilhete,Bilhete Jogo Taça,Bilhetes,22,1,22.0,Bilheteira,Porto
1315,2025-02-19 15:11,Merchandising,Workshop Arbitragem,Formação,60,5,300.0,Loja Física,Aveiro
1316,2025-01-18 11:20,Merchandising,Calções,Roupa,49,3,147.0,Loja Física,Lisboa
1317,2025-01-25 22:24,Evento,Bola Pro,Equipamento,40,2,80.0,Loja Física,Braga
1318,2025-03-04 11:05,Evento,Workshop Arbitragem,Formação,€80,4,320.0,Online,Porto
1319,2025-03-10 13:10,Merchandising,Bola Pro,Equipamento,35,2,70.0,Loja Física,Braga
1320,2025-04-16 14:34,Bilhete,Bilhete Jogo Liga,Bilhetes,22,5,110.0,Loja Física,Braga
1321,2025-02-08 22:02,Merchandising,Boné,Roupa,18,2,36.0,Bilheteira,Coimbra
1322,2025-01-27 21:47,Evento,Bilhete Jogo Feminino,Bilhetes,15,2,30.0,Loja Física,Coimbra
1323,2025-04-15 12:51,Bilhete,Clinic Lançamento,Formação,60,2,120.0,Loja Física,Coimbra
1324,2025-02-07 18:17,Evento,Bola Street,Equipamento,35,3,105.0,Loja Física,Lisboa
1325,2025-04-21 19:08,Evento,Boné,Roupa,€18,3,54.0,Online,Porto
1326,2025-03-04 11:36,Evento,Camisola Treino,Roupa,25,4,100.0,Bilheteira,Braga
1327,2025-02-21 17:47,Merchandising,Workshop Arbitragem,Formação,50,1,50.0,Loja Física,Coimbra
1328,2025-01-01 22:49,Evento,Workshop Arbitragem,Formação,70,5,350.0,Online,Braga
1329,2025-02-24 22:13,Merchandising,Bola Pro,Equipamento,40,2,80.0,Bilheteira,Coimbra
1330,2025-04-20 16:50,Merchandising,Mochila,Equipamento,22,5,110.0,Loja Física,Lisboa
1331,2025-01-16 22:10,Merchandising,Bilhete Jogo Liga,Bilhetes,25,1,25.0,Bilheteira,Lisboa
1332,2025-01-21 22:59,Merchandising,Clinic Lançamento,Formação,60,3,180.0,Online,Coimbra
1333,2025-01-07 15:40,Merchandising,Bola Pro,Equipamento,35,2,70.0,,Porto
1334,2025-01-28 16:04,Bilhete,Clinic Jovem,Formação,50,1,50.0,Loja Física,Porto
1335,2025-04-15 10:55,Merchandising,Clinic Jovem,Formação,50,3,150.0,Loja Física,Porto
1336,2025-01-12 20:51,Bilhete,Clinic Jovem,Formação,60,4,240.0,Online,Coimbra
1337,2025-04-10 22:48,Bilhete,Mochila,Equipamento,22,4,88.0,Loja Física,Porto
1338,2025-02-14 20:13,Evento,Bilhete Jogo Liga,Bilhetes,18,4,72.0,Loja Física,Porto
1339,2025-04-25 10:08,Bilhete,Workshop Arbitragem,Formação,60,1,60.0,Loja Física,Braga
1340,2025-02-01 13:41,Bilhete,Garrafa,Equipamento,35,2,70.0,Online,Aveiro
1341,2025-03-08 18:32,Bilhete,Bola Pro,Equipamento,35,2,70.0,Loja Física,
1342,2025-02-19 10:15,Merchandising,Bola Pro,Equipamento,22,4,132.0,Loja Física,Aveiro
1343,2025-01-17 15:55,Evento,Bilhete Jogo Liga,Bilhetes,22,3,66.0,Bilheteira,Coimbra
1344,2025-03-17 10:00,Merchandising,Boné,Roupa,18,1,18.0,Online,Lisboa
1345,2025-04-09 15:27,Evento,Bilhete Jogo Feminino,Bilhetes,22,5,110.0,Bilheteira,Lisboa
1346,2025-01-11 17:58,Bilhete,Camisola Treino,Roupa,18,3,81.0,Online,Aveiro
1347,2025-03-31 15:46,Bilhete,Garrafa,Equipamento,12,3,54.0,,Porto
1348,2025-03-20 18:03,Merchandising,Bilhete Jogo Feminino,Bilhetes,15,4,60.0,Loja Física,Porto
1349,2025-01-21 16:22,Evento,Bilhete Jogo Liga,Bilhetes,18,1,18.0,Loja Física,Coimbra
1350,2025-04-04 10:49,Bilhete,Camisola Treino,Roupa,25,3,75.0,Bilheteira,Braga
1351,2025-03-22 10:31,Merchandising,Bola Pro,Equipamento,35,5,175.0,Loja Física,Coimbra
1352,2025-01-21 13:49,Bilhete,Bilhete Jogo Feminino,Bilhetes,18,3,54.0,Loja Física,Lisboa
1353,32/13/2025 99:99,Merchandising,Camisola Oficial,Roupa,18,1,18.0,Bilheteira,Porto
1354,2025-02-11 12:26,Evento,Camisola Oficial,Roupa,49,2,98.0,Bilheteira,Coimbra
1355,2025-03-28 09:11,Bilhete,Bilhete Derby,Bilhetes,15,5,75.0,Loja Física,Lisboa
1356,2025-04-10 22:19,Merchandising,Clinic Jovem,Formação,80,3,240.0,Online,Aveiro
1357,2025-02-07 18:50,Merchandising,Clinic Jovem,Formação,70,2,140.0,Loja Física,Aveiro
1358,2025-03-05 21:49,Bilhete,Boné,Roupa,29,5,145.0,Loja Física,Aveiro
1359,2025-01-04 12:34,Merchandising,Calções,Roupa,18,4,72.0,Loja Física,Lisboa
1360,2025-01-14 12:33,Bilhete,Bola Pro,Equipamento,€40,3,120.0,Bilheteira,Braga
1361,2025-01-06 12:57,Evento,Bilhete Jogo Taça,Bilhetes,22,1,22.0,Bilheteira,Coimbra
1362,2025-01-18 19:52,Merchandising,Clinic Jovem,Formação,50,5,250.0,Online,Aveiro
1363,2025-02-07 13:54,Merchandising,Bilhete Jogo Feminino,,18,2,54.0,Bilheteira,Coimbra
1364,2025-01-10 12:08,Evento,Garrafa,Equipamento,35,2,70.0,Online,Porto
1365,2025-02-10 15:07,Evento,Bilhete Jogo Taça,Bilhetes,25,4,150.0,Bilheteira,Porto
1366,2025-04-20 10:05,Bilhete,Workshop Treinadores,Formação,80,3,240.0,,Coimbra
1367,2025-01-12 20:15,Merchandising,Bilhete Jogo Taça,Bilhetes,22,2,44.0,Bilheteira,Aveiro
1368,2025-01-04 15:54,Merchandising,Bilhete Derby,Bilhetes,22,2,44.0,Loja Física,Aveiro
1369,2025-04-13 21:08,Bilhete,Camisola Oficial,Roupa,49,1,49.0,Online,Lisboa
1370,2025-02-17 19:40,Evento,Calções,Roupa,25,4,100.0,Online,Aveiro
1371,2025-01-26 19:28,Bilhete,Bola Pro,Equipamento,€12,1,12.0,Online,Coimbra
1372,2025-01-22 18:27,Evento,Bilhete Jogo Liga,Bilhetes,€25,1,25.0,Bilheteira,Braga
1373,32/13/2025 99:99,Bilhete,Bilhete Jogo Feminino,Bilhetes,25,2,50.0,,Coimbra
1374,2025-03-21 18:15,Evento,Clinic Lançamento,Formação,50,5,250.0,Bilheteira,Braga
1375,2025-02-05 15:08,Merchandising,Workshop Arbitragem,Formação,50,1,50.0,Online,Aveiro
1376,2025-03-03 17:50,Merchandising,Camisola Oficial,Roupa,49,3,147.0,Bilheteira,Aveiro
1377,2025-01-04 14:38,Bilhete,Garrafa,Equipamento,35,2,70.0,Online,Coimbra
1378,2025-01-30 11:06,Bilhete,Bilhete Jogo Feminino,Bilhetes,22,5,110.0,Loja Física,Porto
1379,2025-04-19 21:24,Merchandising,Bola Pro,Equipamento,22,5,110.0,Online,Porto
1380,2025-01-04 20:44,Merchandising,Camisola Treino,Roupa,29,5,145.0,Loja Física,Aveiro
1381,2025-02-09 11:31,Bilhete,Calções,Roupa,49,5,245.0,Online,Lisboa
1382,2025-03-03 09:21,Evento,Calções,Roupa,18,5,90.0,Online,Porto
1383,2025-01-03 11:37,Evento,Bola Street,Equipamento,35,1,35.0,Online,Lisboa
1384,2025-03-17 10:21,Merchandising,Bola Pro,Equipamento,35,4,140.0,Bilheteira,Porto
1385,2025-01-23 20:35,Evento,Boné,Roupa,49,3,147.0,Loja Física,Coimbra
1386,2025-04-04 20:18,Bilhete,Calções,Roupa,49,3,147.0,Online,Lisboa
1387,2025-02-10 21:39,Bilhete,Clinic Jovem,Formação,60,5,300.0,Loja Física,Aveiro
1388,2025-04-06 10:15,Merchandising,Bilhete Jogo Feminino,Bilhetes,18,3,54.0,Bilheteira,Porto
1389,2025-02-03 12:15,Evento,Bilhete Derby,Bilhetes,25,1,25.0,Online,Coimbra
1390,2025-02-19 16:46,Merchandising,Bola Pro,Equipamento,12,1,12.0,Online,Braga
1391,2025-02-18 10:53,Merchandising,Workshop Arbitragem,Formação,70,5,350.0,Loja Física,
1392,2025-02-07 09:20,Merchandising,Boné,Roupa,18,1,18.0,Online,Lisboa
1393,2025-04-04 10:35,Bilhete,Bola Street,Equipamento,40,2,80.0,Bilheteira,Aveiro
1394,2025-03-19 15:10,Bilhete,Clinic Jovem,,80,2,160.0,Online,Coimbra
1395,2025-04-03 20:34,Merchandising,Calções,Roupa,49,5,245.0,Loja Física,Coimbra
1396,2025-02-20 18:35,Merchandising,Bola Street,Equipamento,12,1,12.0,Online,
1397,2025-02-07 22:42,Evento,Bola Pro,Equipamento,40,1,40.0,Loja Física,Braga
1398,2025-01-22 19:18,Bilhete,Camisola Oficial,Roupa,18,2,36.0,Bilheteira,Lisboa
1399,2025-04-25 19:16,Bilhete,Garrafa,Equipamento,40,4,160.0,Loja Física,Aveiro
1400,2025-02-17 11:28,Bilhete,Clinic Lançamento,Formação,70,4,280.0,Bilheteira,Braga
1401,2025-03-14 09:09,Evento,Workshop Treinadores,Formação,60,3,180.0,Loja Física,Lisboa
1402,2025-01-30 17:03,Merchandising,Bilhete Derby,Bilhetes,25,5,125.0,,Braga
1403,2025-01-11 15:57,Evento,Clinic Lançamento,Formação,80,3,240.0,Online,Aveiro
1404,2025-01-22 12:51,Bilhete,Camisola Oficial,Roupa,49,2,98.0,Online,Lisboa
1405,2025-04-16 19:09,Evento,Clinic Jovem,Formação,80,2,160.0,Bilheteira,Coimbra
1406,2025-02-20 17:20,Merchandising,Bilhete Jogo Liga,Bilhetes,25,5,125.0,Loja Física,Braga
1407,2025-01-20 11:36,Evento,Bilhete Jogo Feminino,Bilhetes,15,4,60.0,Loja Física,Lisboa
1408,2025-04-23 14:56,Merchandising,Bilhete Jogo Liga,Bilhetes,22,5,110.0,Bilheteira,Braga
1409,2025-02-05 15:09,Evento,Workshop Arbitragem,Formação,50,2,100.0,Loja Física,Braga
1410,2025-01-07 20:30,Merchandising,Bilhete Jogo Feminino,Bilhetes,22,2,44.0,Bilheteira,Lisboa
1411,2025-04-18 16:54,Evento,Mochila,Equipamento,35,3,105.0,Loja Física,Lisboa
1412,2025-04-10 22:20,Merchandising,Calções,Roupa,29,4,116.0,Loja Física,Braga
1413,2025-04-27 22:26,Evento,Bilhete Jogo Taça,Bilhetes,25,2,50.0,Bilheteira,Aveiro
1414,2025-02-09 20:32,Merchandising,Bola Pro,Equipamento,22,1,22.0,Online,Aveiro
1415,2025-04-18 09:15,Bilhete,Bilhete Jogo Taça,Bilhetes,€18,2,36.0,Bilheteira,Lisboa
1416,2025-04-16 16:32,Merchandising,Bola Street,Equipamento,35,3,157.5,Loja Física,Lisboa
1417,2025-03-18 16:11,Merchandising,Bilhete Jogo Taça,Bilhetes,22,4,88.0,Loja Física,Aveiro
1418,2025-04-06 22:44,Bilhete,Mochila,Equipamento,22,3,66.0,Bilheteira,Lisboa
1419,2025-04-10 12:54,Bilhete,Clinic Jovem,Formação,60,5,300.0,Loja Física,Porto
1420,2025-01-03 22:49,Evento,Camisola Treino,Roupa,49,5,245.0,Online,Braga
1421,2025-02-02 18:51,Merchandising,Calções,Roupa,18,2,36.0,Loja Física,Coimbra
1422,2025-02-02 12:29,Merchandising,Workshop Arbitragem,Formação,70,4,280.0,Loja Física,Aveiro
1423,2025-03-26 22:53,Merchandising,Clinic Jovem,Formação,50,5,250.0,Loja Física,Aveiro
1424,2025-01-09 14:17,Evento,Mochila,Equipamento,12,4,48.0,Bilheteira,Coimbra
1425,2025-03-08 21:15,Bilhete,Mochila,Equipamento,22,2,44.0,Loja Física,Braga
1426,2025-02-07 13:58,Merchandising,Bola Street,Equipamento,12,4,48.0,,Braga
1427,2025-03-29 17:40,Merchandising,Bilhete Jogo Taça,Bilhetes,22,2,44.0,Loja Física,Coimbra
1428,2025-01-13 16:08,Evento,Bola Street,Equipamento,22,3,66.0,Bilheteira,Aveiro
1429,2025-02-15 12:47,Merchandising,Camisola Treino,Roupa,18,2,36.0,Bilheteira,Coimbra
1430,2025-04-19 10:30,Bilhete,Mochila,Equipamento,35,4,140.0,Loja Física,Aveiro
1431,2025-01-16 22:43,Merchandising,Bilhete Jogo Feminino,Bilhetes,18,5,90.0,Loja Física,Coimbra
1432,2025-01-26 14:26,Evento,Clinic Jovem,Formação,60,2,120.0,Bilheteira,Porto
1433,2025-02-12 19:11,Merchandising,Bola Street,Equipamento,12,4,48.0,Loja Física,Lisboa
1434,2025-04-08 21:10,Evento,Bilhete Jogo Feminino,,22,2,44.0,Online,Braga
1435,2025-02-21 15:30,Merchandising,Bilhete Jogo Taça,Bilhetes,25,4,100.0,Online,Lisboa
1436,2025-04-07 22:33,Bilhete,Camisola Treino,Roupa,18,3,54.0,Online,Lisboa
1437,2025-01-17 10:24,Evento,Calções,Roupa,29,3,87.0,Loja Física,Coimbra
1438,2025-02-07 16:46,Evento,Camisola Oficial,Roupa,18,3,54.0,Loja Física,Aveiro
1439,2025-04-26 16:22,Bilhete,Garrafa,Equipamento,22,3,66.0,Online,Braga
1440,2025-01-28 20:01,Evento,Bilhete Jogo Taça,Bilhetes,18,2,36.0,Loja Física,Porto
1441,2025-04-23 19:16,Evento,Bilhete Derby,Bilhetes,15,4,60.0,Loja Física,Lisboa
1442,2025-03-30 10:26,Merchandising,Bilhete Jogo Liga,Bilhetes,15,1,15.0,Bilheteira,Lisboa
1443,2025-03-30 19:40,Bilhete,Garrafa,Equipamento,22,2,44.0,Bilheteira,Braga
1444,2025-04-17 10:32,Evento,Bilhete Derby,Bilhetes,18,4,72.0,Loja Física,Lisboa
1445,2025-01-26 18:12,Merchandising,Bola Pro,Equipamento,12,4,48.0,Loja Física,Porto
1446,2025-01-06 17:31,Bilhete,Garrafa,Equipamento,35,2,70.0,Loja Física,Braga
1447,2025-03-27 10:58,Bilhete,Bola Street,Equipamento,12,1,12.0,Loja Física,Braga
1448,2025-04-26 13:41,Bilhete,Camisola Oficial,Roupa,18,1,18.0,Bilheteira,Coimbra
1449,2025-04-15 11:55,Bilhete,Garrafa,Equipamento,12,1,18.0,Bilheteira,Coimbra
1450,2025-04-19 21:56,Bilhete,Garrafa,Equipamento,12,1,12.0,Online,Porto
1451,2025-03-21 13:56,Evento,Camisola Treino,Roupa,29,4,174.0,Online,Coimbra
1452,2025-02-21 16:17,Merchandising,Bola Street,Equipamento,12,4,48.0,,Braga
1453,2025-03-31 20:03,Bilhete,Clinic Lançamento,Formação,50,2,100.0,Online,Braga
1454,2025-02-18 21:22,Evento,Workshop Arbitragem,Formação,60,5,300.0,Online,Porto
1455,2025-02-26 09:04,Merchandising,Workshop Arbitragem,Formação,50,4,200.0,Loja Física,Coimbra
1456,2025-03-08 20:44,Evento,Bilhete Jogo Taça,Bilhetes,22,5,110.0,Online,Braga
1457,2025-01-20 22:52,Evento,Boné,Roupa,29,4,116.0,Loja Física,Lisboa
1458,2025-04-22 11:04,Merchandising,Bilhete Jogo Taça,Bilhetes,25,4,150.0,Bilheteira,Porto
1459,2025-01-29 17:41,Merchandising,Mochila,Equipamento,12,5,60.0,Bilheteira,Porto
1460,2025-02-27 10:54,Merchandising,Bilhete Jogo Feminino,Bilhetes,25,5,125.0,Bilheteira,Coimbra
1461,2025-02-21 15:02,Evento,Bilhete Jogo Feminino,Bilhetes,15,1,15.0,Loja Física,Lisboa
1462,2025-02-13 14:52,Bilhete,Bilhete Derby,Bilhetes,18,4,72.0,Online,Braga
1463,2025-01-15 10:48,Evento,Garrafa,Equipamento,35,4,140.0,Online,Lisboa
1464,2025-03-08 14:44,Bilhete,Mochila,Equipamento,35,5,175.0,,Porto
1465,2025-02-02 18:12,Bilhete,Clinic Lançamento,Formação,80,1,80.0,Online,Braga
1466,2025-01-14 21:26,Bilhete,Boné,Roupa,25,3,75.0,Loja Física,Aveiro
1467,2025-03-06 11:31,Bilhete,Bilhete Jogo Feminino,Bilhetes,25,-5,125.0,Loja Física,Lisboa
1468,2025-01-23 20:52,Bilhete,Workshop Arbitragem,Formação,60,5,300.0,Online,Braga
1469,2025-04-28 20:48,Bilhete,Garrafa,Equipamento,40,5,200.0,Bilheteira,Braga
1470,2025-01-18 15:38,Evento,Mochila,Equipamento,40,2,80.0,Loja Física,Aveiro
1471,2025-01-27 18:45,Merchandising,Mochila,Equipamento,22,2,44.0,Loja Física,Coimbra
1472,2025-04-08 14:35,Merchandising,Calções,Roupa,29,1,29.0,Loja Física,Aveiro
1473,2025-03-08 10:01,Merchandising,Workshop Treinadores,Formação,80,1,80.0,Online,Lisboa
1474,2025-02-06 19:16,Bilhete,Bilhete Jogo Taça,Bilhetes,22,2,44.0,Online,Coimbra
1475,2025-01-14 18:55,Evento,Camisola Oficial,Roupa,29,4,116.0,Loja Física,Aveiro
1476,2025-04-11 21:51,Evento,Boné,Roupa,25,5,125.0,Bilheteira,Lisboa
1477,2025-03-12 09:00,Evento,Workshop Arbitragem,Formação,80,3,240.0,Bilheteira,Porto
1478,2025-03-11 20:38,Bilhete,Clinic Lançamento,Formação,70,5,350.0,Loja Física,Porto
1479,2025-01-24 11:47,Evento,Garrafa,Equipamento,22,1,22.0,Online,Braga
1480,2025-02-03 11:10,Evento,Bilhete Jogo Feminino,Bilhetes,22,5,110.0,Bilheteira,Lisboa
1481,2025-01-20 14:38,Bilhete,Garrafa,Equipamento,22,1,22.0,Loja Física,
1482,2025-04-11 20:20,Evento,Garrafa,Equipamento,35,1,35.0,Online,Porto
1483,2025-03-10 15:05,Merchandising,Bilhete Jogo Taça,Bilhetes,25,5,125.0,Online,Porto
1484,32/13/2025 99:99,Evento,Mochila,Equipamento,35,3,157.5,Bilheteira,
1485,2025-01-31 19:39,Evento,Bilhete Jogo Liga,Bilhetes,22,4,88.0,Online,Lisboa
1486,2025-02-02 17:46,Merchandising,Garrafa,,12,4,48.0,Online,Aveiro
1487,2025-02-07 19:12,Merchandising,Garrafa,Equipamento,40,1,40.0,Loja Física,Lisboa
1488,2025-01-27 19:40,Bilhete,Bilhete Jogo Taça,Bilhetes,15,1,15.0,,Braga
1489,2025-04-06 19:09,Bilhete,Bilhete Jogo Taça,Bilhetes,€25,1,25.0,Bilheteira,Coimbra
1490,2025-01-23 21:16,Evento,Bilhete Jogo Liga,Bilhetes,15,1,15.0,Online,Aveiro
1491,2025-02-27 19:25,Merchandising,Camisola Treino,Roupa,49,4,196.0,Bilheteira,Lisboa
1492,2025-01-09 21:47,Evento,Clinic Jovem,Formação,50,5,250.0,Online,Lisboa
1493,2025-03-19 10:18,Merchandising,Bola Pro,Equipamento,35,3,157.5,Bilheteira,Braga
1494,2025-01-29 11:47,Merchandising,Bilhete Jogo Feminino,Bilhetes,18,5,90.0,Loja Física,Coimbra
1495,2025-03-12 22:35,Bilhete,Camisola Treino,Roupa,29,1,29.0,Online,Lisboa
1496,2025-01-27 20:47,Evento,Bilhete Jogo Feminino,Bilhetes,15,3,45.0,Bilheteira,Porto
1497,2025-01-29 18:53,Merchandising,Clinic Lançamento,Formação,60,2,120.0,Online,Lisboa
1498,2025-01-10 13:42,Bilhete,Camisola Oficial,Roupa,49,5,245.0,Bilheteira,Lisboa
1499,2025-01-17 19:41,Bilhete,Boné,Roupa,29,3,87.0,Online,Coimbra
1500,2025-02-27 14:39,Evento,Bilhete Jogo Taça,Bilhetes,22,4,88.0,Bilheteira,Aveiro
1501,2025-01-22 09:20,Bilhete,Camisola Treino,Roupa,29,4,116.0,Online,Braga
1502,2025-04-23 16:29,Merchandising,Mochila,Equipamento,22,3,66.0,Bilheteira,Coimbra
1503,2025-01-11 22:17,Bilhete,Clinic Jovem,Formação,60,5,300.0,Loja Física,Porto
1504,2025-04-19 17:40,Bilhete,Bola Pro,Equipamento,12,1,12.0,Loja Física,Aveiro
1505,32/13/2025 99:99,Evento,Clinic Lançamento,Formação,50,5,250.0,Bilheteira,Porto
1506,2025-04-04 22:18,Bilhete,Garrafa,Equipamento,22,5,110.0,Bilheteira,Aveiro
1507,2025-01-02 19:15,Evento,Bilhete Jogo Feminino,Bilhetes,22,5,110.0,Loja Física,Porto
1508,2025-03-14 18:42,Bilhete,Boné,Roupa,25,2,50.0,Loja Física,
1509,2025-01-30 10:16,Merchandising,Bola Pro,Equipamento,22,4,88.0,Online,Lisboa
1510,2025-04-28 16:56,Bilhete,Camisola Treino,Roupa,49,4,196.0,Online,Coimbra
1511,2025-03-11 18:11,Merchandising,Bilhete Derby,Bilhetes,22,5,110.0,Loja Física,Braga
1512,2025-04-27 12:33,Merchandising,Bola Pro,Equipamento,35,4,140.0,Bilheteira,Coimbra
1513,2025-04-23 11:28,Bilhete,Workshop Arbitragem,Formação,50,5,250.0,Online,Lisboa
1514,2025-01-21 14:38,Evento,Bola Street,Equipamento,22,2,44.0,Online,Porto
1515,2025-03-28 16:30,Bilhete,Workshop Treinadores,Formação,50,4,200.0,Loja Física,Porto
1516,2025-01-17 18:37,Bilhete,Clinic Jovem,,60,1,60.0,Online,
1517,2025-02-03 11:33,Merchandising,Bilhete Jogo Taça,Bilhetes,15,2,30.0,Loja Física,Aveiro
1518,2025-02-27 18:30,Merchandising,Bilhete Derby,Bilhetes,15,2,30.0,Online,Porto
1519,2025-03-26 17:16,Bilhete,Clinic Lançamento,Formação,60,-5,300.0,Loja Física,Coimbra
1520,2025-02-19 11:06,Bilhete,Clinic Jovem,Formação,60,4,240.0,Online,Aveiro
1521,2025-03-02 18:38,Bilhete,Clinic Lançamento,Formação,50,2,100.0,Loja Física,Aveiro
1522,2025-04-26 18:34,Bilhete,Bilhete Jogo Liga,Bilhetes,€25,2,75.0,Loja Física,Braga
1523,2025-02-24 12:51,Merchandising,Workshop Treinadores,Formação,50,5,250.0,,Coimbra
1524,2025-03-03 21:14,Bilhete,Bilhete Jogo Feminino,Bilhetes,18,3,54.0,Bilheteira,Aveiro
1525,2025-04-01 20:50,Bilhete,Workshop Treinadores,Formação,60,1,60.0,Loja Física,Aveiro
1526,2025-03-30 21:20,Merchandising,Bilhete Jogo Liga,Bilhetes,25,2,50.0,Bilheteira,Lisboa
1527,2025-04-20 17:27,Evento,Boné,Roupa,29,3,87.0,Bilheteira,Aveiro
1528,2025-03-12 21:35,Merchandising,Garrafa,Equipamento,22,4,88.0,Online,Coimbra
1529,2025-02-14 21:45,Merchandising,Workshop Treinadores,Formação,70,5,525.0,Loja Física,Porto
1530,2025-01-13 12:32,Merchandising,Bilhete Jogo Taça,Bilhetes,25,2,50.0,Bilheteira,Aveiro
1531,2025-04-13 10:52,Bilhete,Bilhete Jogo Taça,Bilhetes,25,1,25.0,Bilheteira,Aveiro
1532,2025-01-29 14:05,Evento,Clinic Jovem,Formação,50,3,150.0,,Braga
1533,2025-03-23 16:28,Bilhete,Workshop Treinadores,Formação,50,2,100.0,Online,Aveiro
1534,32/13/2025 99:99,Bilhete,Bola Street,Equipamento,12,5,60.0,Loja Física,Porto
1535,2025-01-21 10:17,Merchandising,Bilhete Derby,,18,1,18.0,Bilheteira,Braga
1536,2025-04-28 10:35,Merchandising,Clinic Lançamento,Formação,50,1,50.0,Loja Física,Aveiro
1537,2025-03-19 12:29,Merchandising,Mochila,Equipamento,35,2,70.0,Loja Física,Lisboa
1538,2025-01-14 17:04,Evento,Bola Street,Equipamento,40,5,200.0,Bilheteira,Coimbra
1539,2025-02-18 18:30,Bilhete,Bilhete Derby,Bilhetes,22,4,88.0,Bilheteira,Braga
1540,2025-02-03 10:24,Evento,Clinic Jovem,Formação,80,1,120.0,Online,Porto
1541,2025-03-10 09:44,Merchandising,Garrafa,Equipamento,35,5,175.0,Online,Coimbra
1542,2025-03-12 11:30,Merchandising,Bilhete Jogo Feminino,Bilhetes,22,1,22.0,Bilheteira,Porto
1543,2025-04-05 12:15,Evento,Bola Street,Equipamento,22,4,88.0,Online,Coimbra
1544,2025-04-18 18:22,Bilhete,Calções,Roupa,25,2,50.0,Online,Lisboa
1545,2025-01-06 22:30,Merchandising,Bilhete Jogo Feminino,Bilhetes,15,5,75.0,Loja Física,Coimbra
1546,2025-04-08 17:17,Merchandising,Workshop Treinadores,Formação,80,2,160.0,Online,Aveiro
1547,2025-05-01 17:02,Evento,Camisola Oficial,Roupa,49,4,196.0,Bilheteira,Braga
1548,2025-02-28 14:44,Bilhete,Boné,Roupa,18,5,90.0,Online,Porto
1549,2025-03-20 22:16,Bilhete,Clinic Jovem,Formação,70,3,210.0,Loja Física,Coimbra
1550,2025-02-13 14:11,Merchandising,Camisola Treino,Roupa,49,5,245.0,Bilheteira,Porto
1551,2025-02-05 16:11,Evento,Workshop Treinadores,Formação,70,4,280.0,Online,Aveiro
1552,2025-03-13 15:54,Merchandising,Camisola Oficial,Roupa,29,2,58.0,Online,Porto
1553,2025-02-23 16:08,Evento,Boné,Roupa,18,2,36.0,Loja Física,Aveiro
1554,2025-03-13 22:36,Bilhete,Garrafa,Equipamento,35,3,105.0,Bilheteira,Lisboa
1555,2025-03-02 22:40,Bilhete,Camisola Oficial,Roupa,25,3,75.0,Bilheteira,Coimbra
1556,2025-03-13 21:16,Merchandising,Mochila,Equipamento,35,5,175.0,Online,Braga
1557,2025-03-15 19:41,Evento,Bilhete Derby,Bilhetes,18,5,90.0,Online,Coimbra
1558,2025-04-24 10:24,Evento,Mochila,Equipamento,40,4,160.0,Bilheteira,Braga
1559,32/13/2025 99:99,Merchandising,Calções,Roupa,29,4,116.0,Online,Lisboa
1560,2025-02-10 19:18,Evento,Camisola Treino,Roupa,25,3,75.0,Bilheteira,Aveiro
1561,2025-04-06 18:33,Merchandising,Workshop Treinadores,Formação,80,3,240.0,Bilheteira,Porto
1562,2025-03-26 13:47,Evento,Camisola Oficial,Roupa,25,2,50.0,Loja Física,Lisboa
1563,2025-01-13 10:59,Merchandising,Calções,,49,1,49.0,Loja Física,Lisboa
1564,2025-02-03 18:09,Bilhete,Bilhete Jogo Feminino,Bilhetes,15,1,15.0,Loja Física,Braga
1565,2025-02-26 19:08,Bilhete,Bola Street,Equipamento,22,3,66.0,Loja Física,Porto
1566,2025-04-21 16:29,Evento,Bilhete Jogo Liga,Bilhetes,22,3,66.0,Bilheteira,Aveiro
1567,2025-03-18 16:40,Evento,Clinic Lançamento,Formação,€60,5,300.0,Loja Física,Aveiro
1568,2025-03-11 12:51,Bilhete,Workshop Treinadores,Formação,70,4,280.0,Bilheteira,Coimbra
1569,2025-02-08 09:00,Evento,Garrafa,,35,2,70.0,Online,Coimbra
1570,2025-04-07 16:19,Bilhete,Garrafa,Equipamento,12,4,48.0,Bilheteira,Coimbra
1571,2025-02-22 17:27,Merchandising,Camisola Oficial,Roupa,29,2,58.0,Online,Porto
1572,2025-01-11 15:40,Bilhete,Workshop Arbitragem,Formação,60,3,180.0,Loja Física,Aveiro
1573,2025-01-25 22:04,Bilhete,Mochila,Equipamento,35,4,140.0,Online,Coimbra
1574,2025-03-31 18:31,Bilhete,Bilhete Jogo Feminino,Bilhetes,25,3,75.0,Bilheteira,Lisboa
1575,2025-01-14 13:17,Bilhete,Camisola Oficial,Roupa,18,2,36.0,Loja Física,Braga
1576,2025-01-02 16:13,Merchandising,Bilhete Jogo Taça,Bilhetes,€15,2,30.0,Bilheteira,Coimbra
1577,2025-02-12 10:53,Bilhete,Workshop Treinadores,Formação,80,1,80.0,Online,Coimbra
1578,2025-01-25 22:16,Merchandising,Clinic Jovem,Formação,80,2,160.0,Online,Lisboa
1579,2025-04-05 09:12,Merchandising,Boné,Roupa,49,2,98.0,Loja Física,Lisboa
1580,2025-04-30 14:10,Evento,Boné,Roupa,49,3,147.0,Loja Física,Lisboa
1581,2025-01-26 14:56,Bilhete,Bilhete Derby,Bilhetes,25,3,75.0,Loja Física,Porto
1582,2025-01-02 11:50,Merchandising,Bilhete Jogo Taça,Bilhetes,25,3,112.5,Loja Física,Lisboa
1583,2025-03-16 21:44,Merchandising,Clinic Lançamento,Formação,50,1,50.0,Loja Física,Aveiro
1584,2025-01-21 16:05,Evento,Camisola Treino,Roupa,18,2,36.0,Loja Física,Coimbra
1585,2025-03-31 17:50,Bilhete,Bilhete Jogo Liga,Bilhetes,22,2,44.0,Online,Braga
1586,2025-04-04 12:01,Evento,Camisola Treino,Roupa,29,4,116.0,Bilheteira,Coimbra
1587,2025-04-01 16:35,Merchandising,Camisola Treino,Roupa,18,4,72.0,Loja Física,Braga
1588,2025-04-04 16:17,Evento,Calções,Roupa,29,3,87.0,Loja Física,Porto
1589,2025-04-15 13:34,Merchandising,Bilhete Jogo Taça,Bilhetes,25,3,75.0,Bilheteira,Lisboa
1590,2025-04-20 14:49,Evento,Clinic Lançamento,Formação,50,5,250.0,Online,Coimbra
1591,2025-03-29 16:49,Evento,Bilhete Jogo Feminino,Bilhetes,18,5,90.0,Online,Aveiro
1592,2025-01-15 10:33,Evento,Mochila,Equipamento,40,3,120.0,Online,Lisboa
1593,2025-01-14 16:12,Bilhete,Calções,Roupa,18,2,36.0,Online,Aveiro
1594,2025-02-16 12:38,Evento,Workshop Arbitragem,Formação,70,1,70.0,Online,Lisboa
1595,2025-04-13 19:03,Merchandising,Boné,Roupa,18,4,72.0,Loja Física,Braga
1596,2025-01-06 20:04,Merchandising,Bola Pro,,35,5,175.0,Online,Porto
1597,2025-02-19 12:12,Evento,Bilhete Jogo Liga,Bilhetes,18,5,90.0,Loja Física,Porto
1598,2025-02-15 19:29,Evento,Boné,Roupa,18,5,90.0,Loja Física,Braga
1599,2025-02-21 17:21,Evento,Bilhete Jogo Taça,Bilhetes,18,5,90.0,Online,Aveiro
1600,2025-02-11 22:23,Merchandising,Workshop Treinadores,Formação,70,5,350.0,Loja Física,Braga
1601,2025-04-09 17:59,Evento,Bola Street,Equipamento,22,4,88.0,Bilheteira,Coimbra
1602,2025-04-03 09:18,Evento,Workshop Arbitragem,Formação,80,1,80.0,Online,Aveiro
1603,2025-01-29 12:54,Merchandising,Camisola Treino,Roupa,18,3,54.0,Online,Coimbra
1604,2025-02-15 11:08,Merchandising,Camisola Oficial,Roupa,18,4,72.0,Bilheteira,Aveiro
1605,2025-01-12 18:25,Evento,Calções,Roupa,29,3,87.0,Online,Lisboa
1606,2025-04-16 20:44,Evento,Garrafa,Equipamento,22,4,88.0,Online,Aveiro
1607,2025-04-10 09:58,Merchandising,Bola Pro,Equipamento,40,1,40.0,Bilheteira,Braga
1608,2025-04-29 09:40,Evento,Clinic Jovem,Formação,60,5,300.0,Bilheteira,Lisboa
1609,2025-03-14 11:20,Evento,Bola Pro,Equipamento,35,5,262.5,Loja Física,Porto
1610,2025-04-07 18:36,Evento,Camisola Oficial,Roupa,49,4,196.0,Online,Porto
1611,2025-01-17 14:05,Merchandising,Workshop Treinadores,Formação,80,2,160.0,Loja Física,Lisboa
1612,2025-03-06 15:49,Evento,Workshop Treinadores,Formação,50,4,300.0,Online,Porto
1613,2025-03-25 18:12,Evento,Clinic Lançamento,Formação,80,4,320.0,Loja Física,Aveiro
1614,2025-04-10 15:20,Evento,Calções,Roupa,18,3,54.0,Loja Física,Lisboa
1615,2025-02-14 12:20,Merchandising,Bilhete Jogo Feminino,Bilhetes,25,3,75.0,Loja Física,Lisboa
1616,2025-04-16 21:28,Evento,Bola Street,Equipamento,35,5,175.0,Online,Braga
1617,2025-01-20 21:46,Bilhete,Bilhete Jogo Taça,Bilhetes,18,3,54.0,Online,Lisboa
1618,2025-02-13 20:51,Bilhete,Calções,Roupa,29,1,29.0,Bilheteira,Braga
1619,2025-04-05 17:13,Bilhete,Clinic Jovem,Formação,70,2,140.0,Loja Física,Aveiro
1620,2025-02-18 18:57,Evento,Garrafa,Equipamento,22,1,22.0,Loja Física,Lisboa
1621,2025-01-26 21:44,Evento,Bola Street,,12,3,36.0,Bilheteira,Lisboa
1622,2025-03-26 13:42,Evento,Clinic Jovem,Formação,50,4,200.0,Bilheteira,Lisboa
1623,2025-02-18 17:45,Bilhete,Bilhete Derby,Bilhetes,25,2,50.0,Bilheteira,Braga
1624,2025-02-28 17:59,Evento,Bilhete Jogo Taça,Bilhetes,18,5,90.0,Online,Lisboa
1625,2025-02-20 20:10,Bilhete,Camisola Treino,Roupa,29,4,116.0,Bilheteira,Coimbra
1626,2025-02-05 21:03,Evento,Mochila,Equipamento,22,5,110.0,Bilheteira,Braga
1627,2025-02-13 15:42,Bilhete,Bilhete Derby,Bilhetes,18,2,36.0,Online,Braga
1628,2025-01-20 15:19,Evento,Boné,Roupa,25,5,125.0,Bilheteira,Braga
1629,2025-03-11 19:51,Bilhete,Calções,Roupa,25,-5,125.0,Online,Coimbra
1630,2025-04-28 11:20,Bilhete,Boné,Roupa,25,5,125.0,Loja Física,Aveiro
1631,2025-04-04 09:48,Merchandising,Bilhete Jogo Taça,Bilhetes,22,2,44.0,Bilheteira,Braga
1632,2025-04-10 12:06,Bilhete,Garrafa,Equipamento,35,2,70.0,Online,Lisboa
1633,2025-03-29 09:22,Bilhete,Bola Street,Equipamento,22,2,44.0,Loja Física,Braga
1634,2025-04-20 15:31,Merchandising,Boné,Roupa,29,2,58.0,Online,Porto
1635,2025-04-08 09:59,Merchandising,Calções,Roupa,18,4,72.0,Bilheteira,Porto
1636,2025-04-29 16:55,Evento,Calções,Roupa,18,2,54.0,Bilheteira,Coimbra
1637,2025-04-10 09:38,Evento,Clinic Lançamento,Formação,€80,4,320.0,Bilheteira,Coimbra
1638,2025-02-28 22:56,Bilhete,Clinic Jovem,Formação,50,4,200.0,Online,Aveiro
1639,2025-04-08 19:03,Bilhete,Clinic Jovem,Formação,80,5,400.0,Bilheteira,Braga
1640,2025-01-22 15:18,Evento,Workshop Treinadores,Formação,70,4,280.0,Online,
1641,2025-04-03 17:07,Bilhete,Boné,Roupa,49,1,49.0,Loja Física,Aveiro
1642,2025-02-27 09:11,Merchandising,Boné,Roupa,49,3,147.0,Loja Física,Porto
1643,2025-03-30 19:58,Evento,Clinic Jovem,Formação,70,3,210.0,Online,Lisboa
1644,2025-01-11 17:45,Merchandising,Bilhete Jogo Liga,Bilhetes,25,3,75.0,Loja Física,Aveiro
1645,2025-04-09 11:58,Merchandising,Boné,Roupa,€49,1,49.0,Loja Física,Porto
1646,2025-02-23 13:19,Evento,Calções,Roupa,25,1,25.0,Bilheteira,Coimbra
1647,2025-01-01 18:48,Merchandising,Camisola Oficial,Roupa,25,2,75.0,Online,Braga
1648,2025-04-23 16:15,Bilhete,Workshop Arbitragem,Formação,50,5,250.0,Loja Física,Braga
1649,2025-03-18 18:00,Bilhete,Workshop Arbitragem,Formação,80,1,80.0,Loja Física,Coimbra
1650,2025-01-08 19:22,Bilhete,Camisola Oficial,Roupa,25,2,50.0,Online,Lisboa
1651,2025-01-14 15:11,Bilhete,Mochila,Equipamento,12,1,12.0,Loja Física,Coimbra
1652,2025-01-12 21:19,Merchandising,Boné,Roupa,29,1,29.0,Bilheteira,Braga
1653,2025-03-02 11:07,Evento,Bilhete Jogo Feminino,Bilhetes,15,3,45.0,Bilheteira,Coimbra
1654,2025-01-08 10:36,Evento,Clinic Lançamento,Formação,60,5,300.0,Loja Física,
1655,2025-03-19 22:20,Merchandising,Bilhete Jogo Feminino,Bilhetes,22,4,88.0,Loja Física,Aveiro
1656,2025-04-04 19:31,Merchandising,Bola Street,Equipamento,40,5,200.0,Online,Aveiro
1657,2025-01-16 09:29,Evento,Camisola Treino,Roupa,25,1,37.5,Online,Porto
1658,2025-02-14 17:51,Evento,Workshop Arbitragem,Formação,50,3,150.0,Online,Lisboa
1659,2025-02-09 13:32,Evento,Camisola Treino,Roupa,29,1,29.0,Bilheteira,Lisboa
1660,2025-04-03 18:39,Bilhete,Bilhete Derby,Bilhetes,22,4,88.0,Online,Porto
1661,2025-04-13 09:41,Bilhete,Mochila,Equipamento,40,4,160.0,Bilheteira,Porto
1662,2025-04-29 20:03,Evento,Workshop Treinadores,Formação,80,4,320.0,Bilheteira,Aveiro
1663,2025-03-29 14:51,Merchandising,Bola Pro,Equipamento,22,5,165.0,Online,Porto
1664,2025-03-22 17:53,Bilhete,Bola Pro,Equipamento,35,4,140.0,Loja Física,Aveiro
1665,2025-04-01 22:20,Evento,Clinic Lançamento,Formação,50,3,150.0,Online,Coimbra
1666,2025-02-17 16:53,Merchandising,Clinic Jovem,Formação,80,2,160.0,,Aveiro
1667,2025-04-11 09:49,Bilhete,Bola Street,Equipamento,12,3,36.0,Online,Braga
1668,2025-02-13 16:46,Evento,Bilhete Jogo Feminino,,18,2,36.0,Bilheteira,Coimbra
1669,2025-04-03 09:29,Merchandising,Camisola Oficial,Roupa,25,2,50.0,Loja Física,Aveiro
1670,2025-03-29 22:38,Bilhete,Bilhete Jogo Liga,Bilhetes,€22,1,22.0,Bilheteira,Braga
1671,2025-03-15 21:19,Evento,Bilhete Jogo Liga,Bilhetes,22,1,22.0,Online,Coimbra
1672,2025-03-10 14:49,Merchandising,Calções,Roupa,29,3,87.0,Loja Física,Lisboa
1673,2025-01-15 09:39,Evento,Bola Street,Equipamento,22,3,66.0,Loja Física,Lisboa
1674,2025-01-19 20:51,Merchandising,Camisola Treino,Roupa,29,3,87.0,Loja Física,Porto
1675,2025-04-25 14:34,Merchandising,Camisola Oficial,Roupa,29,5,145.0,Online,Porto
1676,2025-02-19 09:05,Merchandising,Bilhete Jogo Feminino,Bilhetes,15,1,15.0,Bilheteira,Porto
1677,2025-04-15 12:45,Evento,Workshop Treinadores,Formação,70,3,210.0,Loja Física,Lisboa
1678,2025-01-13 16:19,Evento,Clinic Lançamento,Formação,50,4,200.0,Loja Física,Braga
1679,2025-04-21 18:16,Merchandising,Clinic Lançamento,Formação,60,2,120.0,Bilheteira,Porto
1680,2025-01-04 10:30,Bilhete,Mochila,Equipamento,40,4,160.0,Bilheteira,Braga
1681,2025-03-19 18:08,Evento,Clinic Lançamento,Formação,70,3,210.0,Online,
1682,2025-03-10 16:25,Evento,Bilhete Derby,Bilhetes,15,3,45.0,Bilheteira,Porto
1683,2025-01-09 14:13,Evento,Calções,Roupa,49,4,196.0,Loja Física,Braga
1684,2025-03-26 19:04,Evento,Workshop Treinadores,Formação,60,2,120.0,Loja Física,Aveiro
1685,2025-03-13 10:52,Merchandising,Clinic Jovem,Formação,80,3,240.0,Online,Coimbra
1686,2025-04-09 22:24,Merchandising,Clinic Jovem,Formação,50,5,250.0,Bilheteira,Lisboa
1687,2025-04-26 21:40,Bilhete,Bilhete Jogo Taça,Bilhetes,18,5,90.0,Online,Porto
1688,2025-03-15 16:12,Bilhete,Workshop Treinadores,Formação,80,5,400.0,Loja Física,Coimbra
1689,2025-01-12 18:00,Evento,Mochila,Equipamento,40,3,120.0,Loja Física,Braga
1690,2025-04-26 17:03,Bilhete,Camisola Treino,Roupa,18,3,54.0,Loja Física,Aveiro
1691,2025-01-31 15:44,Evento,Bola Pro,Equipamento,35,1,35.0,Bilheteira,Coimbra
1692,2025-03-11 12:42,Bilhete,Workshop Arbitragem,Formação,80,4,320.0,Bilheteira,Porto
1693,2025-01-20 13:55,Evento,Boné,Roupa,29,4,116.0,Online,Porto
1694,2025-04-03 16:42,Merchandising,Bilhete Jogo Liga,Bilhetes,15,2,45.0,Online,Lisboa
1695,2025-04-30 15:39,Bilhete,Boné,Roupa,49,5,245.0,Bilheteira,Aveiro
1696,2025-01-29 11:27,Evento,Workshop Arbitragem,Formação,80,3,240.0,Online,Aveiro
1697,2025-04-29 17:36,Merchandising,Clinic Lançamento,Formação,70,4,280.0,Online,Lisboa
1698,2025-03-03 20:05,Bilhete,Workshop Treinadores,Formação,50,5,250.0,Loja Física,Aveiro
1699,2025-04-24 18:05,Bilhete,Garrafa,Equipamento,12,5,60.0,Bilheteira,Lisboa
1700,2025-04-10 09:30,Merchandising,Bola Pro,Equipamento,35,5,175.0,Loja Física,Braga
1701,2025-02-07 11:02,Evento,Garrafa,Equipamento,35,3,105.0,Loja Física,Coimbra
1702,2025-01-22 18:03,Evento,Bola Pro,Equipamento,40,5,200.0,Bilheteira,Aveiro
1703,2025-01-17 17:04,Merchandising,Bilhete Derby,Bilhetes,25,1,25.0,,Porto
1704,2025-04-05 10:38,Bilhete,Mochila,Equipamento,35,1,35.0,Loja Física,Porto
1705,2025-04-11 20:15,Merchandising,Workshop Treinadores,Formação,60,3,180.0,Online,Aveiro
1706,2025-03-18 22:09,Merchandising,Bilhete Derby,Bilhetes,15,2,30.0,Bilheteira,Braga
1707,2025-03-15 20:53,Merchandising,Boné,Roupa,25,2,50.0,,Coimbra
1708,2025-02-21 16:19,Merchandising,Bilhete Jogo Liga,Bilhetes,18,4,72.0,Loja Física,Aveiro
1709,2025-02-03 11:33,Merchandising,Boné,Roupa,49,4,196.0,Online,Coimbra
1710,2025-03-29 09:06,Evento,Workshop Arbitragem,Formação,70,5,350.0,Loja Física,Coimbra
1711,2025-02-04 21:06,Merchandising,Workshop Treinadores,Formação,€70,3,210.0,Loja Física,Aveiro
1712,2025-04-09 12:33,Merchandising,Workshop Arbitragem,Formação,60,5,300.0,Loja Física,Porto
1713,2025-01-02 15:06,Evento,Bola Pro,Equipamento,12,1,12.0,Online,Braga
1714,2025-01-25 09:01,Evento,Bola Street,Equipamento,€35,3,105.0,Online,Lisboa
1715,2025-04-20 18:08,Merchandising,Camisola Oficial,Roupa,18,1,18.0,Loja Física,Aveiro
1716,2025-02-07 16:42,Bilhete,Camisola Oficial,Roupa,25,3,75.0,Loja Física,Braga
1717,2025-01-21 21:04,Merchandising,Garrafa,Equipamento,35,3,105.0,Online,Braga
1718,2025-04-15 13:11,Merchandising,Workshop Treinadores,Formação,50,3,150.0,Online,Braga
1719,2025-01-14 11:34,Merchandising,Boné,Roupa,25,4,150.0,Online,Aveiro
1720,2025-01-05 10:04,Evento,Bilhete Jogo Feminino,Bilhetes,22,1,33.0,Loja Física,Coimbra
1721,2025-03-25 19:00,Bilhete,Clinic Jovem,Formação,80,2,160.0,Loja Física,Braga
1722,2025-03-15 09:32,Evento,Bola Street,,35,4,140.0,Bilheteira,Braga
1723,2025-01-29 09:24,Evento,Workshop Arbitragem,Formação,50,5,250.0,Bilheteira,Lisboa
1724,2025-01-08 19:41,Bilhete,Mochila,,35,4,140.0,Bilheteira,Aveiro
1725,2025-03-24 12:11,Evento,Bola Pro,Equipamento,40,3,120.0,Online,Braga
1726,2025-03-22 20:22,Merchandising,Camisola Treino,Roupa,49,1,49.0,Online,Braga
1727,2025-01-04 20:37,Bilhete,Calções,Roupa,18,2,36.0,,Braga
1728,32/13/2025 99:99,Bilhete,Bilhete Derby,Bilhetes,25,5,125.0,Online,Coimbra
1729,2025-01-16 12:51,Evento,Bilhete Derby,Bilhetes,15,4,60.0,Loja Física,Aveiro
1730,2025-01-05 20:09,Merchandising,Clinic Lançamento,Formação,60,1,90.0,Loja Física,Lisboa
1731,2025-01-02 11:40,Bilhete,Clinic Jovem,Formação,60,2,120.0,Bilheteira,Lisboa
1732,2025-01-15 16:38,Evento,Clinic Lançamento,Formação,50,1,50.0,Online,
1733,2025-02-11 10:43,Evento,Boné,Roupa,29,4,174.0,Loja Física,Porto
1734,2025-01-23 14:04,Bilhete,Bola Street,Equipamento,12,5,60.0,Bilheteira,
1735,2025-01-22 16:15,Evento,Clinic Lançamento,Formação,70,5,350.0,Online,Porto
1736,2025-04-23 16:05,Bilhete,Bilhete Jogo Feminino,Bilhetes,18,1,18.0,Online,Porto
1737,2025-03-30 11:13,Bilhete,Bilhete Derby,Bilhetes,25,4,100.0,Loja Física,Coimbra
1738,2025-03-20 20:02,Evento,Workshop Arbitragem,Formação,60,2,120.0,Online,Braga
1739,2025-01-01 17:15,Bilhete,Bilhete Derby,Bilhetes,22,4,88.0,Online,Aveiro
1740,2025-04-09 19:42,Bilhete,Bilhete Derby,Bilhetes,18,4,72.0,Bilheteira,Lisboa
1741,2025-03-05 11:10,Evento,Camisola Oficial,Roupa,25,4,100.0,Online,Lisboa
1742,2025-02-02 14:39,Merchandising,Mochila,Equipamento,22,4,132.0,Online,Lisboa
1743,2025-03-04 17:07,Bilhete,Bilhete Jogo Taça,Bilhetes,18,1,18.0,Online,Braga
1744,2025-01-30 21:07,Merchandising,Garrafa,Equipamento,22,3,66.0,Online,
1745,2025-04-25 12:04,Merchandising,Boné,Roupa,25,4,100.0,Loja Física,Braga
1746,2025-04-29 18:29,Bilhete,Bilhete Jogo Feminino,Bilhetes,18,2,36.0,Bilheteira,Coimbra
1747,2025-02-04 12:21,Bilhete,Boné,Roupa,25,3,75.0,Online,Aveiro
1748,2025-04-20 16:29,Merchandising,Bilhete Derby,Bilhetes,18,1,18.0,Online,Coimbra
1749,2025-04-26 11:36,Evento,Camisola Treino,Roupa,25,5,125.0,Online,Lisboa
1750,2025-03-02 22:29,Merchandising,Workshop Arbitragem,Formação,60,5,300.0,Online,Braga
1751,2025-03-16 12:57,Evento,Calções,Roupa,29,4,116.0,Online,Aveiro
1752,2025-03-02 20:49,Evento,Bilhete Jogo Feminino,Bilhetes,15,1,22.5,Online,Braga
1753,2025-03-05 12:05,Evento,Workshop Arbitragem,Formação,50,4,200.0,Online,Braga
1754,2025-01-31 19:05,Bilhete,Calções,Roupa,€29,3,87.0,Bilheteira,Coimbra
1755,2025-03-01 21:08,Evento,Boné,Roupa,18,4,72.0,Bilheteira,Porto
1756,2025-02-19 20:21,Evento,Garrafa,Equipamento,12,1,12.0,Online,Coimbra
1757,2025-03-21 14:47,Bilhete,Workshop Treinadores,Formação,60,1,60.0,Loja Física,Coimbra
1758,2025-03-01 18:02,Merchandising,Bilhete Jogo Liga,Bilhetes,25,3,75.0,Bilheteira,Porto
1759,2025-01-31 17:07,Evento,Bilhete Jogo Taça,Bilhetes,18,3,54.0,Bilheteira,Aveiro
1760,2025-04-25 13:32,Evento,Calções,Roupa,29,3,87.0,Bilheteira,Coimbra
1761,2025-02-27 16:32,Evento,Bilhete Jogo Liga,Bilhetes,22,3,66.0,Online,Braga
1762,2025-01-25 16:05,Bilhete,Garrafa,Equipamento,35,1,35.0,Bilheteira,Porto
1763,2025-02-05 10:44,Bilhete,Bola Pro,Equipamento,12,2,36.0,Bilheteira,Porto
1764,2025-03-29 17:59,Bilhete,Camisola Oficial,Roupa,29,4,116.0,Bilheteira,Coimbra
1765,2025-01-25 10:01,Bilhete,Workshop Arbitragem,Formação,50,3,150.0,Loja Física,
1766,2025-03-17 19:44,Evento,Workshop Treinadores,Formação,70,4,280.0,Loja Física,Braga
1767,2025-01-22 21:16,Bilhete,Workshop Treinadores,Formação,60,3,180.0,Bilheteira,Coimbra
1768,2025-02-06 16:10,Evento,Bola Pro,Equipamento,22,3,66.0,Online,Aveiro
1769,2025-01-21 12:07,Bilhete,Bola Street,Equipamento,22,2,44.0,Bilheteira,Aveiro
1770,2025-01-24 12:35,Evento,Boné,Roupa,29,3,87.0,Online,Coimbra
1771,2025-03-11 11:34,Merchandising,Bola Street,Equipamento,35,4,140.0,Online,Lisboa
1772,2025-04-29 14:09,Bilhete,Workshop Arbitragem,Formação,60,4,240.0,Loja Física,Aveiro
1773,2025-05-01 21:36,Evento,Mochila,Equipamento,40,3,120.0,Online,Aveiro
1774,2025-04-26 09:08,Evento,Workshop Treinadores,Formação,50,4,200.0,Loja Física,Lisboa
1775,2025-04-18 12:28,Merchandising,Bola Pro,Equipamento,40,5,200.0,Online,Coimbra
1776,2025-01-26 09:05,Evento,Bilhete Jogo Taça,Bilhetes,18,3,54.0,Bilheteira,Lisboa
1777,2025-03-19 18:32,Bilhete,Clinic Lançamento,Formação,80,3,240.0,Loja Física,Coimbra
1778,2025-02-19 14:00,Merchandising,Clinic Lançamento,Formação,80,3,240.0,Bilheteira,Coimbra
1779,2025-04-04 16:47,Merchandising,Garrafa,Equipamento,12,2,24.0,Bilheteira,Coimbra
1780,2025-04-17 18:38,Bilhete,Boné,Roupa,49,2,98.0,Online,Porto
1781,2025-04-30 18:48,Merchandising,Garrafa,Equipamento,35,1,35.0,Online,Lisboa
1782,2025-03-13 16:45,Evento,Workshop Treinadores,Formação,80,2,160.0,Online,Porto
1783,2025-03-04 09:52,Merchandising,Boné,Roupa,29,5,145.0,Loja Física,Coimbra
1784,2025-04-12 09:09,Merchandising,Workshop Arbitragem,Formação,€60,1,60.0,Bilheteira,Braga
1785,2025-03-04 20:41,Bilhete,Bilhete Derby,Bilhetes,25,2,50.0,Online,Lisboa
1786,2025-04-06 14:37,Merchandising,Garrafa,Equipamento,12,5,60.0,Loja Física,Braga
1787,2025-03-07 20:36,Bilhete,Garrafa,Equipamento,12,3,36.0,Bilheteira,Porto
1788,2025-04-23 20:08,Merchandising,Bilhete Jogo Taça,Bilhetes,22,4,88.0,Online,Lisboa
1789,2025-01-07 13:18,Evento,Mochila,Equipamento,40,3,120.0,,Lisboa
1790,2025-04-07 11:34,Merchandising,Calções,Roupa,18,5,135.0,Bilheteira,Coimbra
1791,2025-03-16 14:52,Bilhete,Mochila,Equipamento,12,5,60.0,Online,Porto
1792,2025-02-13 11:06,Bilhete,Mochila,Equipamento,40,4,160.0,Online,Aveiro
1793,2025-02-28 10:07,Bilhete,Calções,Roupa,18,4,72.0,Online,Braga
1794,2025-04-15 16:56,Evento,Mochila,Equipamento,35,2,70.0,Loja Física,Coimbra
1795,2025-01-29 11:54,Evento,Camisola Treino,Roupa,18,1,18.0,Online,Porto
1796,2025-01-11 15:44,Bilhete,Bola Street,Equipamento,22,2,44.0,Online,Lisboa
1797,2025-01-14 09:50,Evento,Workshop Arbitragem,Formação,50,2,100.0,Loja Física,Aveiro
1798,2025-01-06 10:19,Evento,Bilhete Jogo Feminino,Bilhetes,15,3,45.0,Online,Lisboa
1799,2025-03-27 14:01,Bilhete,Bilhete Jogo Taça,Bilhetes,18,2,36.0,Online,Coimbra
1800,2025-04-10 20:39,Bilhete,Mochila,Equipamento,22,5,110.0,Loja Física,Aveiro
1801,2025-01-28 20:12,Merchandising,Bilhete Jogo Liga,Bilhetes,15,5,75.0,Online,Aveiro
1802,2025-04-19 20:30,Merchandising,Bilhete Jogo Liga,Bilhetes,18,5,90.0,Loja Física,Aveiro
1803,2025-04-17 14:24,Merchandising,Boné,Roupa,18,2,36.0,Online,Aveiro
1804,2025-01-16 16:07,Evento,Boné,Roupa,18,3,54.0,Online,Braga
1805,2025-02-11 16:07,Merchandising,Mochila,Equipamento,€12,1,12.0,Bilheteira,Braga
1806,2025-02-22 13:54,Merchandising,Garrafa,Equipamento,22,5,165.0,Online,Lisboa
1807,2025-03-28 16:43,Bilhete,Workshop Treinadores,Formação,60,1,60.0,Bilheteira,Braga
1808,2025-02-21 20:37,Bilhete,Bilhete Jogo Liga,Bilhetes,18,4,72.0,Loja Física,Porto
1809,2025-01-26 18:54,Merchandising,Bilhete Derby,Bilhetes,18,3,54.0,Online,Porto
1810,2025-03-17 13:48,Evento,Workshop Arbitragem,Formação,70,5,350.0,Bilheteira,Coimbra
1811,2025-02-05 11:49,Merchandising,Workshop Arbitragem,Formação,80,5,400.0,Online,Lisboa
1812,2025-03-22 11:01,Bilhete,Garrafa,Equipamento,40,2,80.0,Loja Física,Lisboa
1813,2025-02-18 18:43,Merchandising,Bilhete Jogo Feminino,Bilhetes,15,2,30.0,Online,Coimbra
1814,2025-01-26 13:42,Merchandising,Bilhete Jogo Liga,Bilhetes,25,4,100.0,Bilheteira,Aveiro
1815,2025-02-25 10:24,Merchandising,Mochila,Equipamento,12,1,12.0,Bilheteira,Braga
1816,2025-01-23 17:42,Merchandising,Workshop Arbitragem,Formação,50,1,50.0,Loja Física,Porto
1817,2025-04-02 15:31,Bilhete,Workshop Arbitragem,Formação,60,3,180.0,Loja Física,Braga
1818,2025-01-08 15:16,Merchandising,Workshop Arbitragem,Formação,60,5,300.0,Loja Física,Braga
1819,2025-01-04 18:02,Bilhete,Mochila,Equipamento,35,1,52.5,Bilheteira,Coimbra
1820,2025-02-24 14:22,Merchandising,Bilhete Derby,Bilhetes,25,-1,25.0,Bilheteira,Lisboa
1821,2025-03-17 10:58,Evento,Calções,Roupa,25,3,75.0,Online,Coimbra
1822,2025-03-10 14:02,Merchandising,Bilhete Derby,Bilhetes,18,1,18.0,Loja Física,Braga
1823,2025-03-17 09:20,Merchandising,Workshop Treinadores,Formação,50,4,200.0,Loja Física,Braga
1824,2025-03-30 19:13,Merchandising,Bola Pro,Equipamento,40,1,40.0,Bilheteira,Aveiro
1825,2025-02-25 12:31,Evento,Bola Street,Equipamento,35,3,105.0,Online,Aveiro
1826,2025-02-08 18:25,Bilhete,Camisola Treino,Roupa,29,1,29.0,Loja Física,Lisboa
1827,2025-03-14 21:33,Merchandising,Bilhete Derby,Bilhetes,22,1,22.0,Bilheteira,Porto
1828,2025-04-13 13:27,Evento,Bola Pro,Equipamento,35,5,175.0,Loja Física,Coimbra
1829,2025-03-21 17:29,Evento,Boné,Roupa,49,3,147.0,Loja Física,Porto
1830,2025-03-26 22:47,Merchandising,Bilhete Jogo Taça,Bilhetes,25,2,50.0,Bilheteira,Aveiro
1831,2025-03-01 11:15,Bilhete,Clinic Jovem,Formação,60,3,180.0,Loja Física,Coimbra
1832,2025-03-23 12:54,Merchandising,Workshop Arbitragem,Formação,70,1,70.0,Bilheteira,Coimbra
1833,2025-01-31 10:09,Bilhete,Camisola Treino,Roupa,25,4,100.0,Online,Porto
1834,2025-02-25 15:41,Bilhete,Garrafa,Equipamento,40,5,200.0,Online,Porto
1835,2025-04-12 21:17,Evento,Bola Street,Equipamento,12,3,36.0,Loja Física,Porto
1836,2025-04-21 10:20,Evento,Bilhete Jogo Feminino,Bilhetes,15,1,15.0,Bilheteira,Lisboa
1837,2025-05-01 22:46,Bilhete,Workshop Treinadores,Formação,50,4,200.0,Online,Lisboa
1838,2025-01-31 18:07,Merchandising,Bilhete Derby,Bilhetes,25,1,25.0,Bilheteira,Aveiro
1839,2025-01-19 10:11,Bilhete,Clinic Lançamento,Formação,80,2,160.0,Bilheteira,Braga
1840,2025-03-10 14:44,Bilhete,Workshop Treinadores,Formação,50,4,200.0,Bilheteira,Aveiro
1841,2025-04-23 21:59,Bilhete,Workshop Arbitragem,Formação,60,3,180.0,Bilheteira,Braga
1842,2025-01-05 22:47,Evento,Mochila,Equipamento,12,5,60.0,Online,Porto
1843,2025-04-26 21:43,Bilhete,Garrafa,Equipamento,35,3,105.0,,Porto
1844,2025-04-29 13:19,Bilhete,Workshop Arbitragem,Formação,50,4,200.0,Online,Coimbra
1845,2025-04-23 21:49,Evento,Calções,Roupa,49,3,147.0,Bilheteira,Lisboa
1846,2025-04-05 15:59,Merchandising,Bola Pro,Equipamento,40,4,160.0,Loja Física,Braga
1847,2025-01-09 14:26,Evento,Bilhete Jogo Taça,Bilhetes,22,5,110.0,Loja Física,Aveiro
1848,2025-03-24 19:11,Evento,Garrafa,Equipamento,12,1,12.0,Bilheteira,Porto
1849,2025-02-10 18:05,Bilhete,Bilhete Jogo Feminino,Bilhetes,18,3,54.0,Online,Porto
1850,2025-03-03 22:47,Bilhete,Boné,Roupa,29,4,116.0,Bilheteira,Porto
1851,2025-02-23 14:11,Merchandising,Mochila,Equipamento,22,1,22.0,Bilheteira,Aveiro
1852,2025-03-24 18:40,Bilhete,Camisola Oficial,Roupa,18,5,90.0,Online,Braga
1853,2025-02-21 18:27,Evento,Camisola Treino,Roupa,25,1,25.0,Bilheteira,Porto
1854,2025-01-16 09:45,Evento,Bilhete Derby,Bilhetes,18,5,90.0,Bilheteira,Braga
1855,2025-01-25 22:52,Merchandising,Clinic Jovem,Formação,60,2,120.0,Bilheteira,Braga
1856,2025-03-18 12:52,Merchandising,Clinic Lançamento,Formação,80,2,240.0,Loja Física,Porto
1857,2025-01-04 13:16,Bilhete,Clinic Lançamento,Formação,80,2,160.0,Loja Física,Braga
1858,2025-01-02 16:08,Merchandising,Camisola Treino,Roupa,49,1,49.0,Loja Física,Braga
1859,2025-02-02 10:06,Evento,Boné,Roupa,49,5,245.0,Online,Lisboa
1860,2025-03-19 19:51,Evento,Bola Street,Equipamento,40,3,120.0,Loja Física,Lisboa
1861,2025-02-20 19:23,Bilhete,Bilhete Derby,Bilhetes,25,3,75.0,Loja Física,Lisboa
1862,2025-03-05 14:56,Merchandising,Camisola Treino,Roupa,25,5,125.0,Online,Lisboa
1863,2025-01-15 14:02,Bilhete,Garrafa,Equipamento,22,3,66.0,Bilheteira,Coimbra
1864,2025-03-20 22:48,Merchandising,Garrafa,Equipamento,35,3,105.0,Loja Física,Coimbra
1865,2025-04-08 11:35,Evento,Clinic Lançamento,Formação,70,4,280.0,Loja Física,Braga
1866,2025-01-30 11:02,Merchandising,Bilhete Jogo Taça,Bilhetes,18,1,18.0,Bilheteira,Porto
1867,2025-01-06 16:22,Evento,Workshop Arbitragem,Formação,50,4,300.0,Loja Física,Braga
1868,2025-01-16 14:05,Bilhete,Workshop Arbitragem,Formação,50,2,100.0,Bilheteira,Porto
1869,2025-01-01 17:49,Evento,Camisola Treino,Roupa,25,5,125.0,Online,Braga
1870,2025-04-24 14:01,Merchandising,Bilhete Jogo Taça,Bilhetes,25,1,25.0,Loja Física,Lisboa
1871,2025-01-20 09:05,Merchandising,Workshop Treinadores,Formação,50,3,150.0,Loja Física,Braga
1872,2025-01-06 19:39,Merchandising,Workshop Treinadores,Formação,50,3,150.0,Bilheteira,Aveiro
1873,2025-02-11 21:03,Evento,Calções,Roupa,18,3,54.0,Online,Aveiro
1874,2025-01-23 12:49,Merchandising,Clinic Jovem,Formação,80,3,240.0,Online,Lisboa
1875,2025-02-06 19:48,Evento,Calções,Roupa,49,4,196.0,Online,Lisboa
1876,2025-04-26 19:38,Bilhete,Garrafa,Equipamento,40,3,120.0,Bilheteira,Lisboa
1877,2025-04-24 15:30,Merchandising,Bola Street,Equipamento,40,4,160.0,Loja Física,
1878,2025-03-20 11:27,Evento,Clinic Jovem,Formação,80,3,240.0,Bilheteira,Lisboa
1879,2025-03-24 19:45,Bilhete,Bilhete Derby,Bilhetes,25,2,50.0,Bilheteira,Aveiro
1880,2025-01-11 21:30,Merchandising,Bilhete Derby,Bilhetes,25,4,100.0,Online,Porto
1881,2025-03-14 09:35,Bilhete,Bola Street,Equipamento,€40,3,120.0,Online,Aveiro
1882,2025-03-01 19:46,Evento,Bilhete Jogo Feminino,Bilhetes,25,1,25.0,Bilheteira,Coimbra
1883,2025-04-05 19:29,Bilhete,Bola Pro,,12,1,18.0,Online,Braga
1884,2025-02-10 18:46,Merchandising,Bilhete Jogo Liga,Bilhetes,25,3,75.0,Loja Física,Braga
1885,2025-01-24 10:47,Evento,Mochila,Equipamento,22,2,44.0,Bilheteira,Lisboa
1886,2025-01-15 09:10,Evento,Clinic Jovem,Formação,50,4,200.0,Bilheteira,Braga
1887,2025-04-15 18:23,Evento,Workshop Arbitragem,Formação,70,5,350.0,Loja Física,Braga
1888,2025-01-02 12:07,Bilhete,Bola Pro,Equipamento,22,2,66.0,Loja Física,Porto
1889,2025-03-25 12:27,Evento,Bilhete Jogo Taça,Bilhetes,25,2,50.0,Loja Física,Porto
1890,32/13/2025 99:99,Bilhete,Bilhete Derby,Bilhetes,25,2,50.0,Online,Porto
1891,2025-04-21 16:37,Bilhete,Workshop Arbitragem,Formação,80,1,80.0,Online,Coimbra
1892,2025-01-14 19:54,Evento,Clinic Jovem,Formação,70,1,70.0,Bilheteira,Braga
1893,2025-02-21 16:32,Evento,Workshop Treinadores,Formação,50,4,200.0,Loja Física,Aveiro
1894,2025-01-03 15:36,Merchandising,Clinic Lançamento,Formação,50,5,250.0,Loja Física,Lisboa
1895,2025-03-05 18:41,Merchandising,Garrafa,Equipamento,40,1,40.0,Bilheteira,Braga
1896,2025-03-02 14:28,Bilhete,Bilhete Jogo Taça,Bilhetes,22,2,66.0,Loja Física,Porto
1897,2025-04-03 20:24,Merchandising,Garrafa,Equipamento,22,3,66.0,Loja Física,Coimbra
1898,2025-03-30 20:05,Evento,Clinic Lançamento,Formação,60,3,180.0,Bilheteira,Porto
1899,2025-03-04 10:50,Merchandising,Calções,Roupa,25,5,125.0,Bilheteira,Coimbra
1900,2025-02-15 13:22,Evento,Calções,Roupa,18,1,18.0,,Porto
1901,2025-01-15 18:14,Bilhete,Bilhete Jogo Liga,Bilhetes,22,4,88.0,Loja Física,Porto
1902,2025-04-09 09:49,Evento,Workshop Treinadores,Formação,70,3,210.0,Bilheteira,Porto
1903,2025-04-18 21:07,Bilhete,Bilhete Jogo Liga,Bilhetes,25,4,100.0,Loja Física,Aveiro
1904,2025-03-22 10:55,Bilhete,Bilhete Jogo Liga,Bilhetes,15,2,30.0,Bilheteira,Porto
1905,2025-01-20 19:23,Merchandising,Garrafa,Equipamento,40,1,40.0,Online,Lisboa
1906,2025-02-01 22:51,Merchandising,Boné,Roupa,49,1,49.0,Bilheteira,Coimbra
1907,2025-04-02 21:26,Merchandising,Camisola Oficial,Roupa,29,3,87.0,Loja Física,Porto
1908,2025-04-13 15:26,Merchandising,Boné,Roupa,25,2,50.0,Bilheteira,Aveiro
1909,2025-04-09 09:45,Evento,Bola Pro,Equipamento,40,2,80.0,Online,Lisboa
1910,2025-02-25 09:25,Bilhete,Mochila,Equipamento,40,2,80.0,Loja Física,Porto
1911,2025-04-24 19:44,Evento,Bilhete Derby,Bilhetes,25,4,100.0,Bilheteira,Coimbra
1912,2025-03-20 11:44,Merchandising,Bola Pro,Equipamento,35,5,175.0,Bilheteira,Porto
1913,2025-04-23 13:05,Bilhete,Workshop Treinadores,Formação,80,2,160.0,Loja Física,Coimbra
1914,2025-01-12 17:35,Merchandising,Clinic Lançamento,Formação,70,2,140.0,Loja Física,Coimbra
1915,2025-03-17 13:15,Merchandising,Camisola Oficial,Roupa,18,5,90.0,Loja Física,Braga
1916,2025-03-22 17:22,Bilhete,Bilhete Jogo Liga,Bilhetes,22,3,66.0,Online,Lisboa
1917,2025-02-13 12:51,Evento,Workshop Treinadores,Formação,50,4,200.0,Loja Física,Aveiro
1918,2025-03-27 21:52,Evento,Camisola Treino,Roupa,29,3,87.0,Loja Física,Porto
1919,2025-03-08 18:12,Merchandising,Clinic Lançamento,Formação,50,3,150.0,Bilheteira,Lisboa
1920,2025-01-12 09:27,Bilhete,Boné,Roupa,49,1,49.0,,Porto
1921,2025-02-21 18:35,Evento,Clinic Jovem,Formação,70,5,525.0,Bilheteira,Coimbra
1922,2025-04-04 15:52,Bilhete,Workshop Arbitragem,Formação,80,4,320.0,Online,Aveiro
1923,32/13/2025 99:99,Evento,Boné,Roupa,49,2,98.0,Online,Porto
1924,2025-05-01 17:23,Bilhete,Workshop Arbitragem,Formação,50,2,100.0,Loja Física,
1925,2025-02-07 09:33,Bilhete,Bilhete Jogo Liga,Bilhetes,€22,5,110.0,Online,Coimbra
1926,2025-03-04 09:50,Bilhete,Mochila,Equipamento,35,3,105.0,Online,Aveiro
1927,2025-01-28 11:52,Evento,Clinic Jovem,Formação,70,3,210.0,Bilheteira,Lisboa
1928,2025-02-23 16:36,Merchandising,Bilhete Derby,Bilhetes,15,1,15.0,Loja Física,Braga
1929,2025-01-17 21:08,Evento,Garrafa,Equipamento,40,5,200.0,Loja Física,Braga
1930,2025-01-12 21:39,Evento,Workshop Arbitragem,Formação,60,3,180.0,,Braga
1931,2025-03-11 09:42,Merchandising,Clinic Lançamento,Formação,80,3,240.0,Loja Física,Coimbra
1932,2025-03-22 21:49,Evento,Bilhete Jogo Taça,Bilhetes,15,5,75.0,Bilheteira,Aveiro
1933,32/13/2025 99:99,Bilhete,Bilhete Jogo Liga,,18,-5,90.0,Loja Física,Aveiro
1934,2025-03-26 17:11,Bilhete,Boné,Roupa,18,1,18.0,Bilheteira,Porto
1935,2025-03-19 14:25,Evento,Boné,Roupa,18,5,90.0,Online,Braga
1936,2025-02-23 09:55,Evento,Bilhete Derby,Bilhetes,25,2,50.0,Bilheteira,Braga
1937,2025-03-11 11:18,Bilhete,Bola Pro,Equipamento,12,1,12.0,Online,Coimbra
1938,2025-03-28 11:03,Evento,Bilhete Jogo Taça,Bilhetes,22,4,88.0,Bilheteira,Porto
1939,2025-01-13 14:09,Merchandising,Bilhete Jogo Liga,Bilhetes,22,4,88.0,Bilheteira,Coimbra
1940,2025-01-31 21:38,Evento,Clinic Jovem,Formação,50,2,100.0,Online,Braga
1941,2025-02-10 16:35,Merchandising,Clinic Jovem,Formação,70,1,70.0,Online,Braga
1942,2025-02-04 17:37,Evento,Bilhete Jogo Feminino,Bilhetes,18,1,18.0,Online,Porto
1943,2025-01-11 22:40,Evento,Camisola Treino,Roupa,49,4,196.0,Online,Porto
1944,2025-02-24 17:28,Bilhete,Bola Street,Equipamento,22,5,165.0,Online,Braga
1945,2025-04-30 16:17,Evento,Bola Street,Equipamento,12,1,12.0,Bilheteira,Braga
1946,2025-01-21 20:34,Evento,Bola Street,Equipamento,35,1,35.0,Online,Coimbra
1947,2025-04-03 17:17,Merchandising,Bilhete Jogo Feminino,Bilhetes,15,2,30.0,Online,Aveiro
1948,2025-02-04 12:42,Merchandising,Mochila,Equipamento,35,4,210.0,Bilheteira,Porto
1949,2025-03-24 09:38,Merchandising,Workshop Treinadores,Formação,50,2,100.0,Online,Lisboa
1950,2025-03-10 10:50,Evento,Boné,Roupa,49,4,196.0,Loja Física,Lisboa
1951,2025-04-15 15:52,Evento,Bilhete Jogo Feminino,Bilhetes,15,3,45.0,Bilheteira,Braga
1952,2025-02-17 12:28,Bilhete,Camisola Oficial,Roupa,18,4,72.0,Online,Lisboa
1953,2025-04-15 18:40,Merchandising,Mochila,,22,1,22.0,Loja Física,Porto
1954,2025-02-05 16:57,Evento,Boné,Roupa,29,1,29.0,Loja Física,Aveiro
1955,2025-01-15 22:17,Evento,Camisola Oficial,Roupa,25,4,100.0,Loja Física,
1956,2025-03-17 11:47,Bilhete,Calções,,25,1,25.0,Online,Coimbra
1957,2025-03-30 19:34,Evento,Camisola Treino,Roupa,25,1,25.0,Bilheteira,Aveiro
1958,2025-04-20 14:27,Merchandising,Clinic Jovem,Formação,80,1,80.0,Bilheteira,Lisboa
1959,2025-04-08 09:56,Evento,Workshop Arbitragem,Formação,70,5,350.0,Online,Lisboa
1960,2025-01-01 15:12,Merchandising,Garrafa,,40,3,120.0,Online,Aveiro
1961,32/13/2025 99:99,Bilhete,Bilhete Jogo Taça,Bilhetes,25,1,25.0,Bilheteira,Coimbra
1962,2025-02-25 21:01,Evento,Bilhete Jogo Liga,Bilhetes,15,4,60.0,Loja Física,Coimbra
1963,2025-01-31 14:53,Bilhete,Bola Street,Equipamento,€12,4,48.0,Bilheteira,Aveiro
1964,2025-03-22 16:37,Bilhete,Camisola Oficial,Roupa,49,1,49.0,Online,Lisboa
1965,2025-04-11 11:03,Merchandising,Bilhete Jogo Feminino,Bilhetes,22,1,22.0,Online,Coimbra
1966,2025-03-13 09:18,Merchandising,Clinic Jovem,Formação,50,1,50.0,Bilheteira,Lisboa
1967,2025-02-19 16:50,Merchandising,Clinic Lançamento,Formação,50,4,200.0,Loja Física,Aveiro
1968,2025-03-08 14:37,Bilhete,Bilhete Derby,Bilhetes,15,4,60.0,,Lisboa
1969,2025-01-17 19:32,Merchandising,Bilhete Jogo Liga,Bilhetes,18,5,90.0,Bilheteira,Braga
1970,2025-01-18 21:02,Bilhete,Workshop Arbitragem,Formação,60,2,120.0,Online,Coimbra
1971,2025-04-24 17:49,Bilhete,Workshop Treinadores,Formação,70,5,350.0,Online,Braga
1972,2025-01-02 17:37,Evento,Mochila,Equipamento,35,3,105.0,Loja Física,Porto
1973,2025-02-14 12:12,Evento,Bilhete Jogo Taça,Bilhetes,15,4,90.0,Online,Lisboa
1974,2025-03-18 20:21,Evento,Bola Street,Equipamento,40,4,160.0,Loja Física,Coimbra
1975,2025-01-14 16:56,Bilhete,Garrafa,Equipamento,35,2,70.0,Bilheteira,Porto
1976,2025-03-21 12:15,Merchandising,Bilhete Jogo Taça,Bilhetes,18,4,72.0,Loja Física,Coimbra
1977,2025-04-16 09:23,Bilhete,Clinic Lançamento,Formação,80,2,160.0,Online,Coimbra
1978,2025-02-26 12:40,Evento,Bilhete Jogo Liga,Bilhetes,18,3,54.0,Bilheteira,Lisboa
1979,2025-01-23 12:56,Merchandising,Bilhete Jogo Taça,Bilhetes,18,3,54.0,Loja Física,Porto
1980,2025-01-03 11:53,Merchandising,Bola Street,Equipamento,22,2,44.0,Online,Lisboa
1981,2025-04-30 12:19,Merchandising,Boné,Roupa,18,3,54.0,Online,Coimbra
1982,2025-01-16 11:56,Bilhete,Bola Street,Equipamento,40,1,40.0,Online,Porto
1983,2025-02-24 19:15,Bilhete,Workshop Treinadores,Formação,70,5,350.0,Loja Física,Aveiro
1984,2025-02-01 09:40,Merchandising,Camisola Treino,Roupa,25,3,75.0,Online,Aveiro
1985,2025-04-12 19:39,Bilhete,Clinic Lançamento,Formação,50,4,200.0,Online,Aveiro
1986,2025-03-01 11:20,Evento,Workshop Treinadores,Formação,80,5,400.0,Bilheteira,Aveiro
1987,2025-03-16 15:40,Evento,Workshop Arbitragem,Formação,€80,3,240.0,Loja Física,Lisboa
1988,2025-04-21 12:25,Bilhete,Calções,Roupa,25,4,100.0,Bilheteira,
1989,2025-03-12 10:08,Bilhete,Clinic Lançamento,Formação,70,3,210.0,Bilheteira,Braga
1990,2025-03-07 18:21,Merchandising,Bola Street,Equipamento,12,4,48.0,Bilheteira,Braga
1991,2025-02-10 13:24,Bilhete,Workshop Arbitragem,Formação,70,4,280.0,Online,Braga
1992,2025-04-26 10:18,Evento,Camisola Treino,,18,3,54.0,Loja Física,Aveiro
1993,2025-01-16 10:23,Bilhete,Bilhete Derby,Bilhetes,18,1,18.0,Loja Física,Porto
1994,2025-02-08 20:52,Evento,Bola Street,Equipamento,€35,3,105.0,Bilheteira,Porto
1995,2025-02-06 22:22,Merchandising,Camisola Treino,Roupa,18,3,54.0,Bilheteira,Aveiro
1996,2025-01-30 12:46,Evento,Bilhete Jogo Feminino,Bilhetes,18,4,72.0,Online,Braga
1997,2025-04-12 10:20,Bilhete,Boné,Roupa,49,3,147.0,Bilheteira,Braga
1998,2025-01-04 14:08,Evento,Boné,Roupa,49,5,245.0,Online,Coimbra
1999,2025-01-29 15:27,Evento,Bilhete Jogo Feminino,Bilhetes,22,3,66.0,Bilheteira,Aveiro
1385,2025-01-23 20:35,Evento,Boné,Roupa,49,3,147.0,Loja Física,Coimbra
1911,2025-04-24 19:44,Evento,Bilhete Derby,Bilhetes,25,4,100.0,Bilheteira,Coimbra
1896,2025-03-02 14:28,Bilhete,Bilhete Jogo Taça,Bilhetes,22,2,66.0,Loja Física,Porto
1031,2025-01-09 19:55,Bilhete,Bilhete Jogo Taça,Bilhetes,15,5,75.0,Bilheteira,Lisboa
1835,2025-04-12 21:17,Evento,Bola Street,Equipamento,12,3,36.0,Loja Física,Porto
1096,2025-02-02 09:05,Bilhete,Bilhete Jogo Feminino,Bilhetes,22,5,110.0,Loja Física,Aveiro
1645,2025-04-09 11:58,Merchandising,Boné,Roupa,€49,1,49.0,Loja Física,Porto
1348,2025-03-20 18:03,Merchandising,Bilhete Jogo Feminino,Bilhetes,15,4,60.0,Loja Física,Porto
1103,2025-03-12 09:35,Merchandising,Bilhete Jogo Taça,Bilhetes,18,3,54.0,Online,Porto
1425,2025-03-08 21:15,Bilhete,Mochila,Equipamento,22,2,44.0,Loja Física,Braga
1190,2025-03-22 11:51,Bilhete,Bola Street,Equipamento,40,4,160.0,Online,Braga
1492,2025-01-09 21:47,Evento,Clinic Jovem,Formação,50,5,250.0,Online,Lisboa
1277,2025-01-03 17:46,Merchandising,Bilhete Jogo Liga,Bilhetes,25,1,25.0,Loja Física,Coimbra
1529,2025-02-14 21:45,Merchandising,Workshop Treinadores,Formação,70,5,525.0,Loja Física,Porto
1021,2025-04-21 14:04,Evento,Bilhete Jogo Taça,Bilhetes,15,1,15.0,Online,Coimbra
1093,2025-01-29 19:09,Merchandising,Boné,Roupa,18,5,90.0,,Lisboa
1077,2025-04-19 14:11,Merchandising,Workshop Treinadores,Formação,50,4,200.0,Online,Coimbra
1695,2025-04-30 15:39,Bilhete,Boné,Roupa,49,5,245.0,Bilheteira,Aveiro
1047,2025-03-16 13:02,Bilhete,Bilhete Jogo Liga,Bilhetes,22,2,44.0,Loja Física,Braga
1544,2025-04-18 18:22,Bilhete,Calções,Roupa,25,2,50.0,Online,Lisboa
